name,,artist,,,popularity,,danceability,acousticness,energy,instrumentalness,liveness,valence,loudness,speechiness,tempo,key,,mood
1999,,Prince,,,68,,0.866,0.137,0.73,0,0.0843,0.625,-8.201,0.0767,118.523,5,,Happy
23,,Blonde Redhead,,,43,,0.381,0.0189,0.832,0.196,0.153,0.166,-5.069,0.0492,120.255,8,,Sad
9 Crimes,,Damien Rice,,,60,,0.346,0.913,0.139,7.73E-05,0.0934,0.116,-15.326,0.0321,136.168,0,,Sad
99 Luftballons,,Nena,,,2,,0.466,0.089,0.438,5.62E-06,0.113,0.587,-12.858,0.0608,193.1,4,,Happy
A Boy Brushed Red Living In Black And White,,Underoath,,,60,,0.419,0.00171,0.932,0,0.137,0.445,-3.604,0.106,169.881,1,,Energetic
A Burden to Bear,,Emmanuelle Rimbaud,,,27,,0.394,0.995,0.0475,0.955,0.105,0.172,-26.432,0.072,71.241,6,,Calm
A La Plage,,Ron Adelaar,,,29,,0.504,0.994,0.0584,0.956,0.115,0.553,-20.461,0.0516,134.209,5,,Calm
A Little Less Conversation - JXL Radio Edit Remix,,Elvis Presley,,,1,,0.586,0.000155,0.935,0.277,0.159,0.58,-9.386,0.0482,114.997,4,,Happy
A Place for My Head,,Linkin Park,,,68,,0.603,0.0144,0.908,0,0.671,0.457,-5.254,0.184,133.063,11,,Energetic
ATTACK,,Thirty Seconds To Mars,,,0,,0.331,0.00344,0.876,0.000835,0.732,0.299,-1.894,0.0603,175.009,5,,Energetic
Adagio For Strings,,Lucas & Steve,,,55,,0.349,0.000877,0.793,0.431,0.22,0.0398,-6.748,0.0677,127.139,10,,Energetic
Adjustments,,Josie Mehlin,,,52,,0.532,0.974,0.541,0.864,0.228,0.329,-11.932,0.0283,136.063,0,,Calm
Adrift,,Cooper Sams,,,53,,0.382,0.497,0.333,0.918,0.106,0.0486,-15.573,0.0367,84.974,7,,Calm
Afraid of Heights,,Billy Talent,,,38,,0.543,0.000168,0.991,1.31E-05,0.374,0.766,-2.78,0.0668,150.031,9,,Energetic
Africa,,TOTO,,,84,,0.671,0.257,0.373,7.95E-05,0.0481,0.732,-18.064,0.0323,92.717,9,,Happy
After The Rain,,Comet Blue,,,24,,0.456,0.993,0.0337,0.948,0.126,0.3,-26.87,0.0334,97.199,0,,Calm
Afterlife,,Avenged Sevenfold,,,13,,0.492,0.000444,0.95,6.22E-05,0.22,0.391,-4.195,0.076,110.027,2,,Energetic
Algo Rhythm,,One Sentence. Supervisor,,,0,,0.402,1.19E-05,0.75,0.959,0.122,0.58,-7.358,0.0293,149.941,2,,Sad
Alison,,Slowdive,,,0,,0.279,0.00957,0.423,0.837,0.128,0.291,-12.06,0.038,101.571,4,,Sad
Alive,,Paris Blohm,,,51,,0.494,0.00248,0.847,0,0.0502,0.148,-3.996,0.0537,129.909,0,,Energetic
All I Want,,Kodaline,,,29,,0.189,0.113,0.427,0.0923,0.058,0.158,-9.08,0.0449,187.212,0,,Sad
All Mirrors,,Angel Olsen,,,1,,0.429,0.00299,0.689,0.00193,0.152,0.23,-7.38,0.0379,105.04,7,,Sad
All These Things I Hate (Revolve Around Me),,Bullet For My Valentine,,,39,,0.488,0.0303,0.879,0,0.288,0.483,-3.505,0.0514,94.003,6,,Energetic
All in the Suit That You Wear,,Stone Temple Pilots,,,39,,0.429,1.94E-05,0.982,0.0185,0.312,0.583,-2.962,0.0617,122.881,2,,Energetic
All of Me,,John Legend,,,85,,0.422,0.922,0.264,0,0.132,0.331,-7.064,0.0322,119.93,8,,Sad
All or Nothing (feat. Axel Ehnström) - Deluxe Mix,,Lost Frequencies,,,22,,0.737,0.226,0.816,0.453,0.621,0.533,-9.22,0.0411,124.014,4,,Happy
Always,,Saliva,,,63,,0.363,0.0122,0.906,0,0.172,0.371,-4.415,0.0615,181.964,1,,Energetic
Ambre,,Nils Frahm,,,0,,0.391,0.992,0.0576,0.947,0.117,0.359,-25.585,0.0342,145.569,10,,Calm
Anaviosi,,Alexi Musnitsky,,,38,,0.391,0.995,0.0121,0.946,0.0959,0.118,-24.588,0.0852,68.128,1,,Calm
Anchor,,Novo Amor,,,0,,0.486,0.755,0.356,0.861,0.0986,0.111,-13.649,0.0318,117.141,9,,Sad
Andromeda,,Weyes Blood,,,36,,0.463,0.367,0.462,0.0012,0.356,0.189,-7.94,0.0272,131.273,1,,Sad
Angel's Song,,Arlo Parks,,,58,,0.693,0.894,0.195,0.0325,0.126,0.315,-15.278,0.0446,116.725,11,,Sad
Angry Chair,,Alice In Chains,,,22,,0.313,0.0642,0.973,1.22E-06,0.0581,0.118,-3.855,0.109,107.3,8,,Energetic
Anthem,,EDX,,,44,,0.664,0.00152,0.86,0.894,0.197,0.249,-4.505,0.0345,121.991,7,,Happy
Anthem of Our Dying Day,,Story Of The Year,,,56,,0.388,0.0211,0.8,0,0.212,0.357,-6.33,0.0783,194.744,9,,Energetic
Are You Gonna Be My Girl,,Jet,,,75,,0.613,0.00148,0.953,0.000582,0.152,0.537,-3.435,0.0855,105.046,2,,Happy
As I Sleep (feat. Charlee),,Tobtok,,,55,,0.694,0.0195,0.824,0.0426,0.327,0.202,-6.306,0.161,123.014,8,,Energetic
Ashes to Ashes,,Warpaint,,,51,,0.696,0.186,0.871,0.0282,0.173,0.8,-6.482,0.0357,118.938,1,,Sad
Atlavík,,Hugar,,,53,,0.535,0.867,0.147,0.797,0.0825,0.238,-25.141,0.0382,126.823,2,,Calm
Auburn Sky,,Toledo Rains,,,48,,0.265,0.906,0.035,0.89,0.0932,0.0651,-26.502,0.0359,132.972,4,,Calm
Awaken,,William Duhamel,,,55,,0.346,0.929,0.0943,0.918,0.102,0.109,-13.632,0.0362,127.006,2,,Calm
Away From Me,,Puddle Of Mudd,,,0,,0.396,0.00061,0.93,0,0.168,0.195,-2.939,0.1,154.777,8,,Energetic
Back Where I Belong (feat. Avicii),,Otto Knows,,,56,,0.497,0.0306,0.865,0.0679,0.443,0.595,-3.19,0.0644,125.96,0,,Energetic
Back+,,Ton Snijders,,,26,,0.383,0.993,0.0197,0.944,0.121,0.113,-28.192,0.0528,67.555,7,,Calm
Bad Feeling,,Muzz,,,39,,0.512,0.351,0.352,0.74,0.106,0.275,-9.093,0.0354,82.943,5,,Sad
Bad Kingdom,,May,,,57,,0.401,0.934,0.199,0.0064,0.112,0.0744,-14.409,0.0355,118.351,9,,Sad
Bad Timing,,Arlo Day,,,30,,0.471,0.689,0.289,0.000535,0.0865,0.225,-9.784,0.0258,146.352,6,,Sad
Ballad of the Dying Man,,Father John Misty,,,0,,0.399,0.848,0.443,0.000406,0.0899,0.265,-9.168,0.0272,139.643,5,,Sad
Balloon,,YuMe,,,34,,0.408,0.987,0.00518,0.929,0.12,0.0381,-29.142,0.0355,72.291,5,,Calm
Bat Country,,Avenged Sevenfold,,,39,,0.541,0.000248,0.968,8.28E-06,0.423,0.505,-4.129,0.0396,125.04,0,,Energetic
Bayybe 07,,Bilo 503,,,50,,0.44,0.827,0.384,0.934,0.156,0.0912,-12.331,0.0453,127.938,7,,Calm
Be My Mistake,,The 1975,,,39,,0.572,0.835,0.155,0.000137,0.0906,0.0949,-14.405,0.0344,109.923,6,,Sad
Beautiful Life,,Lost Frequencies,,,31,,0.732,0.127,0.52,0.0347,0.139,0.339,-6.684,0.0376,119.979,2,,Happy
Beautiful Night,,Burden Brothers,,,38,,0.531,0.000508,0.892,0.024,0.144,0.599,-4.54,0.0582,130.133,7,,Energetic
Beekweide,,Job Roggeveen,,,34,,0.321,0.984,0.11,0.963,0.115,0.173,-23.63,0.0345,73.914,8,,Calm
Before You Go,,Lewis Capaldi,,,85,,0.459,0.604,0.575,0,0.0885,0.183,-4.858,0.0573,111.881,3,,Sad
Bennie And The Jets - Remastered 2014,,Elton John,,,0,,0.666,0.251,0.668,5.77E-06,0.499,0.765,-7.961,0.0523,132.666,0,,Happy
Better Than Today,,Rhys Lewis,,,60,,0.387,0.736,0.234,0,0.084,0.408,-8.861,0.0373,78.65,0,,Sad
Better Together,,Jack Johnson,,,72,,0.868,0.308,0.347,2.00E-05,0.11,0.659,-9.529,0.0536,110.059,5,,Happy
Betty,,Wilson Trouvé,,,32,,0.171,0.89,0.185,0.94,0.101,0.264,-19.651,0.0348,142.694,9,,Calm
Billinghurst,,Jeremy Olander,,,0,,0.769,0.0305,0.701,0.85,0.0929,0.168,-9.089,0.062,123.011,5,,Energetic
Bird,,Billie Marten,,,55,,0.235,0.988,0.187,0.00197,0.106,0.118,-12.754,0.0347,85.962,6,,Sad
Bison on the Plains,,Grandaddy,,,32,,0.476,0.285,0.522,0.0127,0.193,0.0973,-8.159,0.0281,133.874,9,,Sad
Black Car,,Beach House,,,0,,0.407,0.344,0.549,0.901,0.111,0.32,-10.244,0.0293,77.473,9,,Sad
Blackout,,(Hed) P.E.,,,37,,0.548,0.00016,0.864,0.00262,0.0354,0.5,-6.258,0.0557,95.569,1,,Energetic
Blame,,Manse,,,53,,0.612,0.619,0.68,0,0.0786,0.346,-4.925,0.0346,127.909,0,,Energetic
Blaster,,Marc Benjamin,,,0,,0.667,0.0326,0.857,0.464,0.27,0.301,-4.729,0.0468,125.946,2,,Energetic
Bleed American,,Jimmy Eat World,,,63,,0.438,0.00842,0.938,1.08E-06,0.806,0.584,-5.611,0.094,160.212,6,,Energetic
Bloodbuzz Ohio,,SOAK,,,46,,0.441,0.715,0.268,1.49E-06,0.11,0.057,-8.173,0.0308,140.073,6,,Sad
Bloom,,Hilder Sky,,,52,,0.249,0.945,0.129,0.839,0.17,0.253,-18.167,0.0324,70.59,4,,Calm
Bloom Innocent,,Fink,,,20,,0.519,0.931,0.236,0.133,0.127,0.283,-18.378,0.0362,80.008,2,,Sad
Blow,,Yves V,,,0,,0.603,0.0186,0.902,0.683,0.105,0.135,-5.979,0.0494,127.973,5,,Happy
Body Rock,,Bingo Players,,,46,,0.627,0.00919,0.944,0.00311,0.444,0.551,-4.459,0.344,126.078,5,,Happy
Boiler,,Limp Bizkit,,,0,,0.443,0.00393,0.722,0.0155,0.0373,0.167,-6.326,0.0865,111.324,6,,Energetic
Bortom Träden,,Erik Reno,,,48,,0.446,0.801,0.0586,0.85,0.0876,0.111,-26.416,0.0416,124.019,8,,Calm
Bottom Of The Sea,,Isaac Elton,,,48,,0.775,0.00681,0.66,0.171,0.22,0.425,-7.929,0.0444,126.022,0,,Happy
Bottom of a Bottle,,Smile Empty Soul,,,61,,0.537,0.00236,0.847,1.16E-06,0.0844,0.459,-5.208,0.0383,106.055,6,,Energetic
Bouquet with Lilies,,La Acacia,,,56,,0.621,0.716,0.345,0.921,0.091,0.113,-12.106,0.0295,117.683,0,,Calm
Break Stuff,,Limp Bizkit,,,0,,0.45,0.0108,0.877,0.000643,0.112,0.663,-6.676,0.156,108.501,8,,Energetic
Breathe,,Hans Voller,,,29,,0.612,0.99,0.037,0.947,0.108,0.103,-18.855,0.0408,113.008,11,,Calm
Breathe Me,,Sia,,,68,,0.552,0.0364,0.643,0.74,0.105,0.212,-7.36,0.0327,120.012,0,,Sad
Brimful of Asha - Norman Cook Remix,,Fatboy Slim,,,0,,0.663,0.18,0.957,0,0.348,0.937,-2.823,0.0584,125.678,11,,Happy
Bruises,,Lewis Capaldi,,,84,,0.736,0.946,0.308,0,0.186,0.361,-7.83,0.0677,111.202,4,,Sad
Butterfly,,Crazy Town,,,71,,0.736,0.00132,0.811,0.000142,0.107,0.609,-4.17,0.081,103.502,9,,Happy
Bye Bye Little House,,Ella van der Woude,,,30,,0.31,0.985,0.0313,0.94,0.263,0.182,-23.55,0.0325,92.857,10,,Calm
California Dreamin',,The Mamas & The Papas,,,50,,0.554,0.628,0.667,0,0.0486,0.597,-10.226,0.0342,112.749,1,,Happy
Calm Wilderness,,Night Sounds,,,52,,0.186,0.886,0.271,0.961,0.141,0.0684,-17.149,0.0449,115.896,7,,Calm
Car Underwater,,Armor For Sleep,,,52,,0.435,0.014,0.774,0,0.127,0.448,-5.052,0.0631,147.466,2,,Energetic
Chariot,,Beach House,,,42,,0.374,0.663,0.426,0.607,0.0886,0.0902,-7.395,0.0315,102.174,10,,Sad
Children Of Today,,Blasterjaxx,,,58,,0.507,0.00892,0.836,0.000598,0.485,0.333,-4.357,0.038,130.027,6,,Energetic
Chocolate,,The 1975,,,66,,0.614,0.000532,0.938,0,0.368,0.607,-4.461,0.0611,100.058,11,,Happy
Chop Suey!,,System Of A Down,,,79,,0.419,0.000278,0.934,0.0015,0.132,0.286,-3.908,0.12,127.288,7,,Energetic
City Lights,,Marlies du Mosch,,,26,,0.341,0.983,0.0582,0.924,0.097,0.0514,-23.103,0.0472,83.05,8,,Calm
Clap Your Hands,,Sia,,,44,,0.699,0.000532,0.87,0.0219,0.359,0.778,-4.925,0.0546,120.033,0,,Happy
Cleansing,,Jacco Wynia,,,36,,0.18,0.956,0.0754,0.926,0.11,0.0366,-26.645,0.0346,71.675,9,,Calm
Clear Skies,,Dhyana Thomas,,,51,,0.421,0.94,0.136,0.89,0.113,0.0505,-23.521,0.0305,110.036,11,,Calm
Click Click Boom,,Saliva,,,0,,0.607,0.00259,0.935,0.000221,0.195,0.51,-2.918,0.0506,95.97,6,,Energetic
Coda,,Jakob Ahlbom,,,58,,0.351,0.93,0.24,0.904,0.101,0.0968,-15.363,0.034,79.919,9,,Calm
Cold Arms,,Mumford & Sons,,,0,,0.431,0.815,0.144,1.10E-06,0.124,0.0491,-12.07,0.039,137.683,11,,Sad
Cold Nights,,Camo Columbo,,,51,,0.941,0.321,0.421,9.34E-05,0.0967,0.787,-7.918,0.0583,107.011,11,,Sad
Cold as Stone (feat. Charlotte Lawrence) - Lipless Remix,,Kaskade,,,57,,0.619,0.237,0.663,0,0.111,0.142,-6.937,0.0366,123.93,7,,Energetic
Colgando,,Barulinho,,,36,,0.567,0.948,0.39,0.966,0.0802,0.133,-13.701,0.0301,99.997,0,,Calm
Collapse Into Light,,Evin Iris,,,55,,0.305,0.933,0.229,0.904,0.104,0.0562,-18.329,0.0334,121.599,1,,Calm
Come On Eileen,,Dexys Midnight Runners,,,1,,0.466,0.413,0.615,0,0.343,0.812,-9.102,0.0492,108.016,0,,Happy
Come Out And Play (Keep ‘Em Separated),,The Offspring,,,68,,0.476,0.0535,0.856,6.75E-06,0.0846,0.847,-3.764,0.161,158.671,7,,Energetic
Coming Home,,Zoe Connelly,,,51,,0.198,0.854,0.139,0.856,0.0773,0.106,-18.72,0.031,82.405,5,,Calm
Coming Undone,,Korn,,,0,,0.696,0.000855,0.677,0.000247,0.0646,0.551,-4.178,0.0554,150.125,2,,Energetic
Consequences,,Camila Cabello,,,74,,0.455,0.889,0.292,0,0.106,0.43,-6.792,0.0563,84.339,0,,Sad
Conversation,,Lucy Rose,,,45,,0.242,0.901,0.137,0.0105,0.167,0.0644,-16.332,0.0322,92.454,2,,Sad
Count On You - ATFC's C-thru Remix,,Autoerotique,,,42,,0.825,0.00735,0.925,0.808,0.057,0.567,-7.502,0.0463,123.025,4,,Happy
Count That - R3HAB Edit,,Steff da Campo,,,41,,0.686,0.0957,0.955,0.00621,0.0809,0.447,-3.665,0.113,123.978,1,,Energetic
Courage,,Ian Wong,,,34,,0.635,0.994,0.0302,0.952,0.107,0.237,-26.234,0.0401,83.222,1,,Calm
Crash,,Chris Malinchak,,,57,,0.689,0.000455,0.456,0.882,0.07,0.238,-12.307,0.0339,126,2,,Happy
Crawling In The Dark,,Hoobastank,,,0,,0.592,0.000295,0.932,7.59E-05,0.138,0.698,-4.491,0.0885,93.675,6,,Energetic
Crazy,,Gnarls Barkley,,,77,,0.855,0.0505,0.587,0.00714,0.105,0.64,-4.589,0.0336,111.97,8,,Happy
Crazy Horses,,The Osmonds,,,46,,0.512,0.215,0.977,0,0.343,0.731,-4.505,0.0671,120.165,2,,Happy
Creep,,Radiohead,,,0,,0.515,0.0102,0.43,0.000141,0.129,0.104,-9.935,0.0369,91.841,7,,Sad
Crossing,,The Tides,,,40,,0.542,0.935,0.189,0.91,0.0932,0.0755,-16.57,0.0398,116,0,,Calm
Crystal Baller - 2006 Remaster,,Third Eye Blind,,,31,,0.379,0.0142,0.695,1.13E-05,0.196,0.432,-5.922,0.0705,193.672,0,,Energetic
Crystal Shores,,Dean Valio,,,51,,0.482,0.958,0.0257,0.923,0.104,0.144,-26.303,0.0323,109.98,9,,Calm
Curiosity,,Beau Projet,,,60,,0.43,0.985,0.256,0.867,0.106,0.173,-22.088,0.0641,133.955,2,,Calm
Curious Morning,,Michael Orvind,,,36,,0.391,0.969,0.231,0.954,0.116,0.0882,-17,0.0363,107.981,3,,Calm
Cursive,,Billie Marten,,,62,,0.494,0.935,0.267,5.58E-05,0.128,0.166,-11.54,0.0308,115.117,0,,Sad
Daar Gaat Ze,,Clouseau,,,5,,0.639,0.78,0.492,0,0.117,0.666,-8.497,0.0288,87.033,5,,Happy
Dance Little Sister,,Terence Trent D'Arby,,,53,,0.722,0.161,0.696,0,0.0755,0.93,-11.095,0.0901,115.397,2,,Happy
Dancing On My Own,,Calum Scott,,,9,,0.608,0.851,0.174,1.92E-05,0.0855,0.193,-8.796,0.0332,112.175,1,,Sad
Dancing Through Sunday,,AFI,,,47,,0.555,0.00291,0.98,0,0.279,0.643,-2.849,0.0947,114.078,3,,Energetic
Dancing With Your Ghost,,Sasha Sloan,,,78,,0.629,0.761,0.327,2.96E-05,0.103,0.381,-8.285,0.029,74.953,11,,Sad
Dancing With an Astronaut,,Ellie Rose,,,41,,0.516,0.487,0.407,0.0235,0.252,0.17,-7.841,0.0283,74.894,9,,Sad
Dani California,,Red Hot Chili Peppers,,,77,,0.556,0.0193,0.913,8.59E-06,0.346,0.73,-2.36,0.0437,96.184,0,,Energetic
Dark Side of the Gym,,The National,,,52,,0.642,0.726,0.475,0.786,0.12,0.453,-11.404,0.0294,103.955,2,,Sad
Darkest Hour,,Low Roar,,,29,,0.694,0.612,0.359,0.738,0.137,0.348,-16.105,0.0408,125.077,9,,Sad
Dawning,,Light of Sun,,,58,,0.526,0.64,0.471,0.817,0.096,0.286,-11.965,0.0424,119.972,0,,Calm
Day 5: For Carol,,Tom Misch,,,56,,0.485,0.765,0.497,0.886,0.132,0.065,-10.022,0.0308,100.857,2,,Calm
De Fléche,,Les Manger Tous,,,52,,0.435,0.668,0.333,0.834,0.084,0.074,-15.885,0.0308,90.902,8,,Calm
Dear Diary,,Anthony Ramos,,,0,,0.474,0.587,0.41,3.97E-06,0.114,0.37,-9.373,0.0644,125.085,7,,Sad
Deep Dark Jungle,,Nicky Romero,,,0,,0.587,0.000405,0.97,0.772,0.202,0.146,-4.512,0.216,128.069,8,,Happy
Den inre skogen,,Thomas Jackson,,,55,,0.532,0.924,0.382,0.61,0.134,0.0455,-17.683,0.0543,127.038,9,,Calm
Desire Lines,,Lush,,,39,,0.379,0.000169,0.652,0.0043,0.077,0.0724,-5.406,0.0325,121.035,9,,Sad
Devotion And Desire,,Bayside,,,54,,0.296,0.000702,0.9,0,0.339,0.286,-4.918,0.0922,184.256,2,,Energetic
Dew Drops,,Pieter de Graaf,,,50,,0.27,0.939,0.0384,0.936,0.1,0.0708,-24.513,0.0361,59.81,11,,Calm
Dive,,The Soft Cavalry,,,0,,0.434,0.0418,0.531,0.00021,0.0941,0.0935,-10.05,0.0305,156.155,2,,Sad
Do Bad Well (feat. Nevve),,KSHMR,,,62,,0.604,0.0512,0.894,0.000315,0.234,0.415,-4.755,0.113,127.964,5,,Energetic
Do It Again,,Steve Aoki,,,0,,0.701,0.119,0.95,0.00355,0.221,0.477,-3.026,0.0675,124.002,9,,Energetic
Dolerme,,ROSALÍA,,,68,,0.545,0.785,0.478,0.00278,0.123,0.318,-7.035,0.0559,173.746,8,,Sad
Don't Stop,,Fleetwood Mac,,,0,,0.686,0.0398,0.632,2.20E-06,0.0686,0.88,-11.433,0.0353,118.965,9,,Happy
Don't Stop Me Now - 2011 Mix,,Queen,,,74,,0.563,0.0472,0.865,0.000191,0.77,0.601,-5.277,0.16,156.271,5,,Happy
Don't You (Forget About Me) - Remastered,,Simple Minds,,,11,,0.602,0.00398,0.784,0.0852,0.0931,0.918,-7.976,0.0313,133.019,11,,Happy
Don’t Delete The Kisses,,Wolf Alice,,,59,,0.604,0.0011,0.789,0.828,0.368,0.348,-6.259,0.0273,122.032,5,,Sad
Down On The Corner,,Creedence Clearwater Revival,,,0,,0.831,0.594,0.544,0.00389,0.0736,0.856,-9.288,0.0837,108.177,0,,Happy
Dragula,,Rob Zombie,,,70,,0.591,8.74E-05,0.963,0.000107,0.0781,0.609,-6.489,0.0531,125.03,0,,Energetic
Dreams Tonite,,Alvvays,,,62,,0.511,0.0108,0.622,4.51E-06,0.127,0.425,-5.727,0.0242,99.934,2,,Sad
Drifting,,Eroded Sky,,,56,,0.616,0.71,0.202,0.678,0.0871,0.0773,-14.144,0.0383,139.857,11,,Calm
Driver's Seat,,Sniff 'n' The Tears,,,56,,0.754,0.0186,0.804,0.0604,0.207,0.972,-7.189,0.0368,132.967,11,,Happy
Duality,,Slipknot,,,76,,0.354,0.000237,0.982,0.000294,0.204,0.194,-3.026,0.168,143.772,4,,Energetic
Duck And Run,,3 Doors Down,,,43,,0.524,0.0149,0.919,7.05E-05,0.131,0.848,-5.505,0.0436,87.931,4,,Energetic
Dust On The Ground,,Bombay Bicycle Club,,,0,,0.605,0.757,0.319,0.00237,0.116,0.273,-10.892,0.0306,109.603,10,,Sad
EDM Sux,,FTampa,,,49,,0.653,0.00775,0.907,0.82,0.342,0.238,-5.877,0.11,128.079,7,,Energetic
Eagle,,Ansatz Der Maschine,,,28,,0.339,0.937,0.142,0.91,0.0847,0.121,-21.613,0.0416,109.98,10,,Calm
Easily,,Bruno Major,,,76,,0.772,0.491,0.256,0.00612,0.144,0.357,-8.545,0.0481,118.902,7,,Sad
Easy Lover,,Philip Bailey,,,68,,0.749,0.0674,0.699,0.00192,0.0763,0.935,-13.108,0.0371,128.904,1,,Happy
Eden - Hunted Version,,Anna Calvi,,,35,,0.158,0.965,0.0963,0.105,0.0752,0.0395,-18.225,0.0398,71.012,0,,Sad
Edge of Seventeen,,Stevie Nicks,,,70,,0.59,0.277,0.828,5.57E-06,0.0868,0.636,-6.28,0.0439,111.353,0,,Happy
Eidolon,,Monocle Twins,,,54,,0.553,0.862,0.24,0.946,0.0932,0.164,-19.522,0.0304,128.986,10,,Calm
Electronic Memories (feat. Mickey Kojak),,k?d,,,51,,0.602,0.0992,0.926,0.0449,0.241,0.574,-1.62,0.0897,100.014,5,,Energetic
Emotions in Motion,,Jaakko Eino Kalevi,,,23,,0.651,0.199,0.503,0.644,0.0781,0.558,-10.906,0.0323,133.044,0,,Sad
Empty Street at Night,,Golden Sleep,,,32,,0.211,0.903,0.0147,0.935,0.342,0.0667,-22.964,0.0456,169.899,2,,Calm
Enemy,,Sevendust,,,43,,0.572,0.000181,0.99,0.000295,0.118,0.397,-1.992,0.066,106.912,1,,Energetic
Escaping Time,,Benjamin Martins,,,60,,0.32,0.64,0.256,0.862,0.112,0.191,-17.98,0.0445,115.011,10,,Calm
Essential Attitudes,,Peals,,,50,,0.444,0.449,0.497,0.722,0.081,0.25,-12.601,0.0383,99.093,5,,Calm
Event Horizon,,Airwaves,,,57,,0.464,0.0665,0.38,0.898,0.114,0.0558,-8.052,0.0279,100.006,7,,Calm
Every Kinda People,,Robert Palmer,,,0,,0.631,0.248,0.547,0.000119,0.0523,0.962,-12.626,0.036,94.533,6,,Happy
Every Way,,Antonio Giacca,,,49,,0.879,0.019,0.908,2.62E-06,0.309,0.759,-4.422,0.126,123.036,11,,Energetic
Everybody Hurts,,R.E.M.,,,0,,0.282,0.568,0.476,0.0185,0.157,0.186,-6.524,0.0274,187.604,2,,Sad
Everyday People,,Various Artists,,,63,,0.813,0.245,0.619,0.0151,0.113,0.774,-8.203,0.0294,114.58,7,,Happy
Expedition,,Skytech,,,51,,0.639,0.00288,0.974,0.596,0.349,0.353,-4.13,0.057,130,7,,Happy
Faces,,Scary Kids Scaring Kids,,,43,,0.368,3.44E-05,0.967,3.44E-05,0.317,0.537,-3.464,0.0566,194.982,2,,Energetic
Falling,,Harry Styles,,,87,,0.567,0.839,0.267,1.46E-06,0.089,0.0592,-6.502,0.0299,110.011,4,,Sad
Falling Ashes,,Slowdive,,,45,,0.332,0.954,0.255,0.752,0.0784,0.134,-13.698,0.0309,187.786,9,,Sad
Falling Asleep,,Tiz McNamara,,,53,,0.537,0.899,0.201,0.00163,0.077,0.196,-12.948,0.033,134.087,2,,Sad
Falling Away from Me,,Korn,,,70,,0.468,0.00014,0.769,0.00124,0.271,0.17,-7.036,0.041,104.102,4,,Energetic
Fantasy - R3HAB Remix,,Sofie Tukker,,,19,,0.7,0.113,0.751,0.00129,0.241,0.246,-3.853,0.0566,124.027,4,,Energetic
Fascination,,Alphabeat,,,0,,0.491,0.000285,0.831,7.88E-05,0.0761,0.828,-5.321,0.0349,193.968,6,,Happy
Feeling This,,blink-182,,,66,,0.411,0.103,0.962,0,0.529,0.622,-5.952,0.0917,173.143,4,,Energetic
Feels Like Flying,,Elementaries,,,40,,0.416,0.882,0.11,0.873,0.116,0.347,-13.776,0.0423,120.024,11,,Calm
Feels Like We're Dying,,Johnny Goth,,,51,,0.579,0.73,0.411,0.8,0.0945,0.125,-13.068,0.0329,79.988,6,,Sad
Fields After Rain,,Martèn LeGrand,,,37,,0.474,0.973,0.161,0.907,0.113,0.357,-20.952,0.043,82.892,5,,Calm
Fields Of Blossom,,Martèn LeGrand,,,32,,0.42,0.98,0.135,0.941,0.0974,0.155,-20.518,0.0815,118.9,4,,Calm
Fire in Cairo,,Luna,,,31,,0.587,0.379,0.713,0.439,0.332,0.816,-8.858,0.0268,130.05,1,,Sad
Fix You,,Valentin,,,47,,0.5,0.671,0.185,0,0.0827,0.159,-13.209,0.0302,140.148,1,,Sad
Fleur février,,Jacco Wynia,,,34,,0.428,0.985,0.0517,0.945,0.11,0.13,-21.74,0.0548,111.311,3,,Calm
Flex,,Fedde Le Grand,,,42,,0.609,0.017,0.912,0.0335,0.44,0.533,-3.823,0.0486,128,0,,Energetic
Floating Sunbeams,,Michael Orvind,,,33,,0.205,0.98,0.202,0.85,0.128,0.086,-15.952,0.0427,113.057,1,,Calm
Flowing,,Lucas Delphy,,,39,,0.2,0.896,0.138,0.929,0.207,0.138,-20.417,0.0301,71.631,0,,Calm
Fly - King Britt's Fhloston Paradigm Remix,,Low,,,31,,0.614,0.521,0.498,0.855,0.136,0.418,-14.325,0.0466,120.003,10,,Sad
Flying by Candlelight (ABGT300) - Above & Beyond Club Mix,,Above & Beyond,,,47,,0.532,0.000312,0.664,0.0427,0.303,0.075,-9.804,0.0603,128.973,1,,Energetic
Focus,,Light of Sun,,,51,,0.273,0.238,0.161,0.481,0.133,0.0503,-17.727,0.053,113.89,4,,Calm
Follow me,,Andre Ehmann,,,51,,0.475,0.995,0.109,0.948,0.127,0.405,-29.839,0.0303,99.008,2,,Calm
Found,,Martin Gauffin,,,52,,0.517,0.901,0.397,0.867,0.11,0.195,-14.281,0.0289,100.005,0,,Calm
Free,,Third Party,,,50,,0.481,0.0238,0.922,0.00185,0.0971,0.246,-4.17,0.064,127.931,3,,Happy
Freya,,Dave Pad,,,46,,0.64,0.000211,0.667,0.899,0.0748,0.288,-10.19,0.0379,122.994,11,,Happy
Friday I'm In Love,,The Cure,,,76,,0.526,0.00126,0.763,6.75E-05,0.359,0.514,-12.663,0.0341,136.205,0,,Happy
From Yesterday,,Thirty Seconds To Mars,,,0,,0.467,0.00578,0.876,0.00592,0.0453,0.131,-4.841,0.0693,135.055,10,,Energetic
Frozen,,Ron Adelaar,,,45,,0.352,0.986,0.0246,0.928,0.107,0.174,-27.226,0.0419,78.809,9,,Calm
Fête sous les étoiles,,Biba Dupont,,,34,,0.312,0.994,0.00811,0.961,0.1,0.0703,-30.381,0.0389,115.486,1,,Calm
Game Time (feat. Ninja),,3LAU,,,52,,0.534,8.05E-05,0.957,0.758,0.266,0.52,-4.025,0.0455,95.046,1,,Happy
Gasoline,,Seether,,,39,,0.478,4.65E-05,0.942,0.0336,0.061,0.726,-2.71,0.08,173.515,1,,Energetic
Geno - 2000 Remaster,,Dexys Midnight Runners,,,55,,0.481,0.688,0.6,0.00633,0.963,0.818,-8.722,0.0801,124.637,6,,Happy
Get Lucky (feat. Pharrell Williams & Nile Rodgers) - Radio Edit,,Daft Punk,,,78,,0.794,0.0426,0.811,1.07E-06,0.101,0.862,-8.966,0.038,116.047,6,,Happy
Get Up Offa That Thing,,James Brown,,,53,,0.883,0.225,0.664,2.30E-06,0.941,0.8,-10.395,0.411,118.104,4,,Happy
Getting Away With Murder,,Papa Roach,,,0,,0.544,0.000115,0.97,3.34E-05,0.238,0.349,-3.78,0.0532,103.909,1,,Energetic
Ghostride,,Crumb,,,0,,0.664,0.511,0.352,0.806,0.109,0.45,-9.426,0.0278,87.054,2,,Sad
Glaciers,,Lights & Motion,,,53,,0.0789,0.733,0.16,0.786,0.0943,0.0409,-18.144,0.0362,56.449,7,,Calm
Go With The Flow,,Queens of the Stone Age,,,59,,0.242,0.0148,0.992,0.113,0.833,0.374,-3.9,0.0988,159.37,4,,Energetic
Gone My Way - KhoMha Remix,,Morgan Page,,,46,,0.547,0.00129,0.895,0.107,0.288,0.0353,-7.081,0.0683,128.022,5,,Energetic
Good Times,,CHIC,,,66,,0.87,0.149,0.657,0.0102,0.053,0.893,-7.32,0.0522,110.596,2,,Happy
Good Vibrations - Remastered,,The Beach Boys,,,66,,0.403,0.387,0.495,8.03E-06,0.147,0.38,-6.888,0.0312,132.912,10,,Happy
Goodbye,,Apparat,,,69,,0.484,0.406,0.457,0.646,0.297,0.187,-13.976,0.0456,87.159,1,,Sad
Goshen,,Beirut,,,0,,0.284,0.848,0.262,0.00483,0.0966,0.107,-9.869,0.028,98.66,11,,Sad
"Gottes Zeit ist die allerbeste Zeit, BWV 106: 2a. Gottes Zeit, ist die allerbeste Zeit (Arr. For Piano Four Hands by György Kurtág)",,Johann Sebastian Bach,,,31,,0.566,0.995,0.00792,0.909,0.0874,0.0621,-34.484,0.0445,61.167,3,,Calm
Goya,,Minxz,,,21,,0.365,0.994,0.00656,0.888,0.119,0.0809,-21.678,0.0427,68.17,8,,Calm
Gracewood (Revisited),,Steven Vrancken,,,11,,0.353,0.969,0.0544,0.915,0.106,0.158,-22.657,0.0408,74.883,8,,Calm
Green Street,,Alexander Motovilov,,,27,,0.373,0.978,0.191,0.944,0.0737,0.411,-24.099,0.0302,96.682,7,,Calm
Groove Is in the Heart,,Deee-Lite,,,65,,0.694,0.0153,0.881,0.0196,0.0851,0.924,-4.053,0.0701,121.554,1,,Happy
Groovin,,Sir Roy,,,50,,0.845,0.0447,0.744,0.343,0.13,0.694,-9.539,0.0567,126,10,,Energetic
Guernica,,Brand New,,,44,,0.382,0.127,0.907,5.65E-06,0.0915,0.346,-6.383,0.295,183.35,10,,Energetic
Halfway There (feat. Lena Leon),,Tiësto,,,58,,0.59,0.000753,0.888,0.00535,0.817,0.0715,-4.151,0.0797,128.025,0,,Energetic
Handful Of Redemption,,Boysetsfire,,,34,,0.508,0.00022,0.947,0.0315,0.0784,0.419,-3.684,0.0531,163.731,3,,Energetic
Happy Ending,,Joe Jackson,,,51,,0.635,0.0973,0.808,0,0.141,0.726,-5.026,0.0262,131.377,9,,Happy
Happy Together,,The Turtles,,,74,,0.584,0.55,0.367,1.38E-05,0.0818,0.588,-9.638,0.0328,120.175,6,,Happy
Harvest Love,,Tash Sultana,,,41,,0.276,0.314,0.251,6.05E-06,0.122,0.18,-9.078,0.0295,95.705,2,,Sad
Hash Pipe,,Weezer,,,65,,0.578,0.000121,0.882,0.479,0.284,0.623,-6.354,0.044,125.603,7,,Energetic
Heaven - David Guetta & MORTEN Remix,,Avicii,,,66,,0.572,0.00292,0.934,0.0198,0.105,0.204,-5.053,0.0446,125.948,6,,Happy
Heavenly,,Cigarettes After Sex,,,3,,0.539,0.617,0.432,0.692,0.11,0.133,-9.298,0.0249,105.196,8,,Sad
Heavy,,Collective Soul,,,55,,0.535,0.000919,0.854,0.00149,0.0676,0.618,-6.519,0.0368,106.929,1,,Energetic
Here Comes The Sun - Remastered 2009,,The Beatles,,,83,,0.557,0.0339,0.54,0.00248,0.179,0.394,-10.484,0.0347,129.171,9,,Happy
Highway to Hell,,AC/DC,,,83,,0.574,0.061,0.913,0.00158,0.156,0.423,-4.793,0.133,115.728,6,,Happy
Holding On,,Scary Kids Scaring Kids,,,45,,0.421,0.000442,0.935,0.000212,0.1,0.455,-5.153,0.0697,165.02,8,,Energetic
Hollowman,,Trapt,,,36,,0.502,0.000214,0.92,0,0.306,0.182,-4.588,0.0611,159.884,2,,Energetic
Holy Water,,Galantis,,,62,,0.587,0.0653,0.734,0.000571,0.398,0.401,-4.558,0.0407,125.848,9,,Energetic
Home,,Lucas & Steve,,,46,,0.544,0.00851,0.932,0.00811,0.157,0.337,-5.816,0.0679,125.954,10,,Energetic
"Honey, This Mirror Isn't Big Enough for the Two of Us",,My Chemical Romance,,,54,,0.383,0.000328,0.946,1.13E-06,0.0537,0.534,-8.122,0.0789,108.591,1,,Energetic
Hoovela,,Steve Aoki,,,0,,0.341,0.00123,0.989,0.822,0.4,0.119,-3.828,0.111,103.48,4,,Happy
How Bizarre,,OMC,,,0,,0.784,0.261,0.675,1.40E-06,0.293,0.854,-7.718,0.049,124.908,0,,Happy
How To Fight,,Eartheater,,,38,,0.404,0.702,0.249,0.000911,0.171,0.284,-15.881,0.0472,120.221,7,,Sad
Human Connection,,Cult Solo,,,49,,0.6,0.0938,0.882,0.912,0.0542,0.347,-8.394,0.0311,120.008,5,,Happy
Humans (Let Me Love You),,Sick Individuals,,,59,,0.584,0.21,0.835,1.49E-06,0.126,0.371,-3.663,0.0584,128.106,7,,Happy
Hunter,,Anna Calvi,,,22,,0.439,0.316,0.454,0.000696,0.0901,0.388,-8.251,0.028,97.97,5,,Sad
Hypnagogia Well,,Monocle Twins,,,50,,0.545,0.771,0.253,0.922,0.108,0.0529,-17.953,0.033,115.848,2,,Calm
I Can't Help (with Sarcastic Sounds),,Shoffy,,,47,,0.714,0.393,0.4,0.000718,0.109,0.318,-8.264,0.0618,81.974,2,,Sad
I Don't Know (feat. Samuel T. Herring),,BADBADNOTGOOD,,,0,,0.389,0.24,0.52,0.00467,0.337,0.654,-8.114,0.0332,134.329,0,,Sad
I Don't Trust That Bird of Prey,,Random Forest,,,51,,0.52,0.605,0.305,0.899,0.16,0.0389,-14.38,0.0322,120.109,7,,Calm
I Stand Alone,,Godsmack,,,0,,0.211,4.51E-05,0.921,0,0.1,0.351,-4.468,0.0729,171.9,0,,Energetic
I Took A Pill In Ibiza,,Mike Posner,,,0,,0.636,0.618,0.319,1.70E-06,0.125,0.378,-10.065,0.0718,74.109,10,,Sad
I Was Made For Lovin' You,,KISS,,,1,,0.768,0.213,0.852,7.45E-05,0.0723,0.867,-6.215,0.038,128.374,4,,Happy
I Would Die 4 U,,Prince,,,61,,0.731,0.0862,0.75,0.000388,0.202,0.639,-10.457,0.0321,135.406,2,,Happy
I dine øjne,,Efterklang,,,0,,0.67,0.762,0.417,0.0214,0.104,0.0708,-12.553,0.0404,121.13,8,,Sad
I'm Not Okay (I Promise),,My Chemical Romance,,,73,,0.21,0.00602,0.94,0,0.269,0.255,-3.427,0.123,179.722,9,,Energetic
I'm Your Man,,Spiritualized,,,32,,0.429,0.475,0.356,0.481,0.125,0.0965,-7.615,0.0282,139.915,0,,Sad
I've Been Fine,,TT,,,23,,0.548,0.13,0.569,0.00134,0.0584,0.265,-6.215,0.039,75.082,11,,Sad
ID8,,Dimitri Vangelis & Wyman,,,51,,0.576,0.0198,0.948,0.000123,0.683,0.193,-4.251,0.0898,128.029,9,,Happy
If You Believe,,Yonder Dale,,,37,,0.575,0.937,0.202,0.441,0.103,0.142,-18.544,0.0444,139.943,8,,Calm
If You Think It's Love,,King Princess,,,57,,0.432,0.807,0.34,0,0.0864,0.449,-7.977,0.0824,135.172,5,,Sad
Images,,DeLange,,,42,,0.387,0.993,0.00579,0.929,0.136,0.137,-21.823,0.0439,111.991,7,,Calm
In This Moment,,Lucas Delphy,,,51,,0.479,0.771,0.221,0.856,0.101,0.089,-19.689,0.0325,115.965,6,,Calm
Indigo,,LEFT.,,,49,,0.503,0.488,0.504,1.59E-06,0.122,0.67,-6.843,0.416,85.39,0,,Sad
Infinite Sustain,,Amaranth Cove,,,57,,0.529,0.8,0.214,0.907,0.109,0.0903,-19.268,0.0315,124.069,6,,Calm
Ingénue,,Eline Moss,,,55,,0.283,0.993,0.122,0.905,0.0927,0.112,-23.074,0.0285,83.746,9,,Calm
Inside Of You,,Hoobastank,,,0,,0.435,0.000203,0.884,0,0.0876,0.82,-3.468,0.0392,201.773,2,,Energetic
Inside the Fire,,Disturbed,,,12,,0.463,0.000233,0.962,0.109,0.0906,0.66,-6.43,0.0704,94.003,7,,Energetic
Inside*,,Ton Snijders,,,8,,0.266,0.99,0.0028,0.889,0.0933,0.151,-33.729,0.0493,132.581,7,,Calm
Intermezzo No. 1 in E Minor,,Manuel Ponce,,,7,,0.31,0.995,0.0987,0.86,0.714,0.0558,-25.408,0.0444,106.205,4,,Calm
Into Black,,Blouse,,,47,,0.705,0.463,0.681,0.839,0.123,0.707,-8.278,0.0258,114.003,9,,Sad
Isonoe,,Job Roggeveen,,,23,,0.365,0.983,0.119,0.919,0.112,0.249,-20.962,0.0405,147.573,7,,Calm
It Takes Me Back,,Emmrose,,,41,,0.487,0.902,0.111,0.000107,0.35,0.179,-11.608,0.0356,87.161,5,,Sad
It's Goin' Down (feat. Mike Shinoda & Mr. Hahn),,X-Ecutioners,,,40,,0.674,0.00165,0.89,0.0136,0.0465,0.9,-3.953,0.274,104.862,8,,Energetic
It's My Fault,,Lolo Zouaï,,,54,,0.647,0.815,0.235,1.78E-05,0.233,0.0382,-10.123,0.0389,129.85,8,,Sad
Jealous,,Labrinth,,,79,,0.435,0.873,0.155,0,0.107,0.0935,-8.948,0.046,128.532,1,,Sad
"John Wayne Gacy, Jr.",,Sufjan Stevens,,,50,,0.463,0.917,0.179,1.73E-05,0.12,0.183,-14.852,0.0402,80.747,0,,Sad
Juliens Journey,,Reinhard Vanbergen,,,33,,0.578,0.994,0.0154,0.945,0.0799,0.244,-24.126,0.0987,123.953,2,,Calm
Jupiter 4,,Sharon Van Etten,,,39,,0.475,0.0168,0.498,0.492,0.137,0.0592,-10.609,0.0303,88.882,10,,Sad
Just Can't Get Enough - Live in Hammersmith,,Depeche Mode,,,56,,0.653,0.0082,0.975,0.5,0.678,0.911,-9.071,0.0409,126.919,0,,Happy
Just Look at You,,369,,,59,,0.558,0.985,0.249,0.925,0.103,0.111,-14.715,0.0303,94.991,7,,Calm
Just the Two of Us (feat. Bill Withers),,"Grover Washington, Jr.",,,70,,0.803,0.576,0.488,0.0609,0.0763,0.624,-9.303,0.0803,95.771,1,,Happy
K.,,Rosie Carney,,,58,,0.348,0.962,0.226,0.00483,0.135,0.173,-10.918,0.0386,129.251,3,,Sad
Kangaroo (Remastered),,This Mortal Coil,,,47,,0.19,0.768,0.167,0.164,0.126,0.0491,-11.298,0.0291,169.636,3,,Sad
Kaolnite,,Burgundy Skies,,,50,,0.247,0.622,0.231,0.87,0.0878,0.0485,-19.639,0.0328,174.014,1,,Calm
Keep Going,,Mark Milan,,,31,,0.385,0.994,0.305,0.949,0.109,0.172,-12.044,0.0466,74.024,3,,Calm
Kids In The Dark,,Bat For Lashes,,,35,,0.47,0.524,0.526,0.00557,0.0856,0.257,-10.987,0.0307,138.978,1,,Sad
Killing In The Name,,Rage Against The Machine,,,78,,0.466,0.0266,0.833,0,0.0327,0.661,-4.215,0.304,88.785,7,,Energetic
Kinky Living,,Rustin Man,,,19,,0.526,0.709,0.493,0.606,0.0993,0.574,-9.728,0.0428,154.071,2,,Sad
Kinky Love,,Pale Saints,,,46,,0.376,0.133,0.277,0,0.0643,0.309,-18.291,0.0357,178.814,1,,Sad
Kiss,,Prince,,,73,,0.898,0.0135,0.271,0.00138,0.0461,0.742,-12.238,0.091,111.485,7,,Happy
Kiss On My List - Remastered,,Daryl Hall & John Oates,,,37,,0.806,0.138,0.847,0.00157,0.067,0.97,-4.47,0.0319,121.718,0,,Happy
Kiss You All Over - Single Edit,,Isaac Elton,,,47,,0.696,0.0578,0.824,8.56E-06,0.158,0.667,-5.67,0.0538,126.023,0,,Energetic
Kite,,YuMe,,,35,,0.534,0.973,0.019,0.896,0.108,0.157,-26.071,0.0413,115.917,7,,Calm
Klangfall - Piano Version,,Joep Beving,,,42,,0.394,0.993,0.0807,0.944,0.0964,0.0394,-25.987,0.0318,124.904,0,,Calm
La Luz,,City of the Sun,,,49,,0.559,0.0463,0.441,0.763,0.115,0.389,-13.862,0.0398,94.014,7,,Calm
Last Time,,Johnning,,,54,,0.628,0.111,0.587,0,0.156,0.4,-5.195,0.0441,140.01,7,,Sad
Late in the Evening,,Paul Simon,,,60,,0.72,0.199,0.88,0.0246,0.0865,0.961,-8.988,0.0406,118.623,5,,Happy
Laugavegur,,Dreyma,,,56,,0.515,0.54,0.408,0.769,0.0916,0.308,-12.688,0.0385,115.002,7,,Calm
Lay Your Head On Me (feat. Marcus Mumford),,Major Lazer,,,61,,0.658,0.0471,0.765,1.02E-05,0.0936,0.222,-7.002,0.0469,119.974,11,,Happy
Let It Go,,James Bay,,,73,,0.546,0.818,0.311,1.65E-05,0.107,0.246,-10.396,0.0288,147.464,1,,Sad
Let It Out,,Jehnny Beth,,,38,,0.596,0.381,0.528,0.859,0.205,0.15,-12.481,0.0289,117.041,2,,Sad
Let's Go Crazy,,Prince,,,63,,0.309,0.0192,0.93,0.0022,0.106,0.376,-6.399,0.125,195.815,11,,Happy
Lift Me Up (feat. Carla Monroe),,Oliver Heldens,,,65,,0.579,0.0426,0.784,0.0235,0.317,0.562,-4.686,0.0659,125.122,5,,Energetic
Light Year,,Evan Michael Brown,,,51,,0.301,0.99,0.189,0.893,0.106,0.0379,-16.072,0.0351,139.894,9,,Calm
Light Years,,The National,,,0,,0.544,0.95,0.316,0.7,0.0978,0.173,-11.666,0.0307,124.989,4,,Sad
Lights Go Down,,Mike Candys,,,57,,0.741,0.00254,0.812,0.104,0.301,0.146,-5.356,0.039,124.991,1,,Energetic
Like The First Time - House Mix,,Isaac Elton,,,50,,0.775,0.00481,0.876,0.0536,0.661,0.797,-9.58,0.0383,123.979,0,,Energetic
Like The Way I Do,,Melissa Etheridge,,,0,,0.591,0.0213,0.931,0,0.122,0.673,-4.84,0.0557,101.551,2,,Happy
Like We Do,,Fedde Le Grand,,,48,,0.614,0.0125,0.96,0.687,0.366,0.0392,-5.081,0.0465,128.019,2,,Energetic
Limitless,,Lucas Delphy,,,54,,0.238,0.404,0.191,0.888,0.107,0.0365,-20.242,0.0351,140.282,7,,Calm
Linger,,No Vacation,,,40,,0.54,0.0122,0.574,0.000658,0.226,0.225,-7.006,0.0232,94.975,7,,Sad
Listen to the Music,,The Doobie Brothers,,,77,,0.645,0.221,0.598,3.53E-06,0.0721,0.913,-13.18,0.0335,105.929,1,,Happy
Listening,,The Used,,,40,,0.475,0.000121,0.907,0,0.034,0.408,-5.064,0.0941,92.578,0,,Energetic
Litost,,Minxz,,,22,,0.383,0.988,0.101,0.919,0.102,0.242,-18.306,0.0427,119.709,0,,Calm
Little Lion Man,,Mumford & Sons,,,46,,0.515,0.0244,0.496,7.24E-06,0.0895,0.442,-8.018,0.0275,138.61,5,,Happy
Little Talks,,Of Monsters and Men,,,78,,0.457,0.0206,0.757,0,0.146,0.417,-5.177,0.032,102.961,1,,Happy
Little Things,,Bush,,,0,,0.367,0.000229,0.915,0,0.184,0.215,-5.453,0.0682,112.642,7,,Energetic
Living,,EERA,,,31,,0.46,0.14,0.59,0.591,0.112,0.212,-9.375,0.0327,118.008,6,,Sad
"Lola - Live at Providence Civic Center, Providence, RI - September 1979",,The Kinks,,,53,,0.488,0.153,0.777,0.0312,0.825,0.481,-12.658,0.0894,81.437,9,,Happy
London Thunder,,Foals,,,37,,0.489,0.641,0.357,0.333,0.0838,0.0388,-9.745,0.0259,92.009,6,,Sad
Lonely Boy,,Andrew Gold,,,55,,0.588,0.0386,0.598,5.83E-05,0.107,0.866,-13.288,0.0296,123.724,9,,Happy
Long Way Down,,Tom Odell,,,59,,0.367,0.972,0.121,0.0322,0.0871,0.0926,-13.778,0.0335,132.244,6,,Sad
Lorelei,,Cocteau Twins,,,53,,0.387,0.000158,0.669,0.423,0.166,0.414,-11.187,0.0395,90.995,0,,Sad
Los Feliz,,Search For Atlantis,,,49,,0.575,0.197,0.373,0.898,0.0753,0.123,-11.642,0.0279,74.975,11,,Calm
Losing You,,Aquilo,,,50,,0.383,0.63,0.446,0,0.0946,0.213,-8.693,0.0382,77.399,0,,Sad
Lost,,Annelie,,,64,,0.389,0.972,0.1,0.934,0.113,0.0676,-22.464,0.0358,133.839,10,,Calm
Lost Moon,,Nightlands,,,33,,0.448,0.328,0.591,0.708,0.111,0.303,-9.291,0.0327,145.482,0,,Sad
Love Is A Losing Game,,Amy Winehouse,,,0,,0.48,0.317,0.561,0.00641,0.184,0.541,-5.874,0.027,164.791,0,,Sad
Lovely Day,,Bill Withers,,,67,,0.693,0.194,0.565,0.000175,0.0806,0.692,-12.583,0.0345,97.937,9,,Happy
Lunar Eclipse,,Marc Torch,,,50,,0.632,0.224,0.469,0.854,0.0902,0.316,-10.513,0.0307,128,11,,Calm
"Ma mère l'oye, M.60 - For Piano Duet, M.60: 1. Pavane de la Belle au bois dormant",,Arthur Jussen,,,29,,0.517,0.995,0.0145,0.884,0.0719,0.549,-42.018,0.0615,62.122,0,,Calm
Machinehead,,Bush,,,0,,0.15,4.24E-05,0.875,0.00103,0.0957,0.156,-7.27,0.0975,169.806,9,,Energetic
Mad About You,,Hooverphonic,,,62,,0.465,0.00109,0.844,0.399,0.0865,0.155,-4.352,0.0379,170.358,1,,Happy
Make Believe,,Quintino,,,59,,0.587,0.03,0.882,0.116,0.195,0.0653,-5.838,0.0427,127.97,0,,Energetic
Malibu,,Matthew Harvey,,,50,,0.435,0.977,0.154,0.85,0.0728,0.0799,-21.451,0.0367,148.1,6,,Calm
Marbles,,Tindersticks,,,40,,0.49,0.0934,0.521,0.862,0.266,0.148,-9.601,0.0295,107.778,2,,Sad
Me and Julio Down by the Schoolyard,,Paul Simon,,,73,,0.626,0.237,0.816,1.80E-06,0.104,0.798,-10.593,0.13,105.33,9,,Happy
Melancholé,,Biba Dupont,,,34,,0.369,0.996,0.0283,0.941,0.101,0.119,-25.76,0.0399,83.391,2,,Calm
Mercy - Live,,Hilary Hahn,,,0,,0.211,0.916,0.0838,0.41,0.102,0.0404,-20.882,0.0398,90.249,10,,Calm
Message In A Bottle - Remastered 2003,,The Police,,,1,,0.577,0.0338,0.808,1.33E-05,0.221,0.869,-7.04,0.039,151.008,1,,Happy
Midnight Sun,,Nicky Romero,,,57,,0.614,0.0574,0.98,2.51E-05,0.086,0.179,-3.61,0.199,127.062,3,,Energetic
Mil Sonidos,,Reina del Mar,,,59,,0.221,0.958,0.183,0.821,0.102,0.057,-17.59,0.0362,117.321,6,,Calm
Mind-wanders,,Patrick Hamilton,,,32,,0.312,0.959,0.0185,0.901,0.111,0.147,-25.607,0.0437,176.972,9,,Calm
Mindfulness,,Amoll,,,29,,0.692,0.992,0.00643,0.847,0.0452,0.16,-34.388,0.0553,105.987,9,,Calm
Minus,,Daniel Blumberg,,,0,,0.244,0.501,0.254,0.0458,0.105,0.0909,-12.966,0.0296,81.049,7,,Sad
Miss You - Remastered,,The Rolling Stones,,,53,,0.795,0.443,0.71,0.0215,0.344,0.845,-4.746,0.0392,109.689,9,,Happy
Misty Mornings,,Wilson Trouvé,,,30,,0.522,0.981,0.0781,0.927,0.361,0.0796,-24.89,0.0424,107.038,10,,Calm
Momentum,,Monocle Twins,,,52,,0.636,0.891,0.248,0.922,0.106,0.138,-17.313,0.0309,117.006,4,,Calm
Montana,,Le Verne,,,49,,0.435,0.913,0.0595,0.882,0.104,0.0898,-17.456,0.0435,115.929,2,,Calm
Monumental,,Antuigo,,,56,,0.491,0.916,0.217,0.962,0.177,0.0647,-6.805,0.0521,99.97,4,,Calm
Morning Shimmer,,Vochey,,,49,,0.449,0.58,0.163,0.908,0.114,0.0501,-16.409,0.0361,125.088,11,,Calm
Moulain (Revisited 432hz),,Steven Vrancken,,,30,,0.424,0.972,0.323,0.904,0.103,0.436,-27.586,0.0287,133.382,9,,Calm
Movies,,Weyes Blood,,,30,,0.0903,0.646,0.362,0.402,0.106,0.0964,-8.929,0.0337,74.729,7,,Sad
Mr. Blue Sky,,Electric Light Orchestra,,,82,,0.388,0.652,0.338,3.72E-06,0.248,0.477,-10.054,0.0328,177.784,10,,Happy
Mr. Jones,,Counting Crows,,,77,,0.578,0.183,0.817,3.06E-06,0.285,0.726,-6.542,0.0363,141.621,0,,Happy
Mudshovel,,Staind,,,65,,0.328,0.000224,0.826,0.000944,0.0818,0.341,-5.085,0.0362,106.606,6,,Energetic
"Murder Song (5, 4, 3, 2, 1) - Acoustic",,AURORA,,,55,,0.398,0.902,0.0887,1.76E-06,0.0873,0.356,-13.683,0.0334,74.797,9,,Sad
My Favourite Game,,The Cardigans,,,0,,0.594,0.000156,0.766,0.00345,0.086,0.453,-7.598,0.0327,143.482,5,,Energetic
My Hero,,Foo Fighters,,,60,,0.364,6.01E-05,0.925,0.000251,0.0603,0.301,-4.224,0.0659,153.981,4,,Energetic
My Own Worst Enemy,,Lit,,,72,,0.494,0.00129,0.946,0,0.398,0.741,-2.757,0.0637,103.408,4,,Energetic
My Sharona,,The Knack,,,74,,0.586,0.0589,0.7,0.00125,0.0318,0.897,-9.558,0.0363,147.245,0,,Happy
My Way - Marcus Santoro Remix,,Nicky Romero,,,0,,0.563,0.0122,0.882,2.09E-06,0.0641,0.296,-4.755,0.0596,125.043,1,,Energetic
Mykki,,TT,,,25,,0.665,0.336,0.56,0.0857,0.327,0.414,-7.301,0.0667,98.015,7,,Sad
Nazareth,,Matteo Myderwyk,,,22,,0.378,0.995,0.0181,0.881,0.104,0.16,-31.001,0.0552,86.533,8,,Calm
Need You - Ed. & Gustav Munk Remix,,Faustix,,,52,,0.656,0.00352,0.723,0,0.345,0.412,-7.693,0.0366,125.005,7,,Happy
Never Be Lonely (feat. Envy Monroe),,Blasterjaxx,,,56,,0.587,0.207,0.85,0,0.64,0.528,-3.904,0.0654,127.914,11,,Energetic
Never Letting Go,,Audien,,,58,,0.534,0.0915,0.765,0.00107,0.225,0.117,-3.151,0.0338,127.978,1,,Happy
Never My Love,,Isobel Campbell,,,37,,0.764,0.666,0.245,0.787,0.0967,0.356,-16.201,0.0383,101.968,8,,Sad
Night,,Wilson Trouvé,,,31,,0.428,0.995,0.00129,0.955,0.0913,0.13,-32.837,0.0753,67.645,0,,Calm
Night Moves,,Bob Seger,,,71,,0.705,0.432,0.743,0.0133,0.103,0.374,-6.631,0.042,118.552,1,,Happy
Night Surrender,,DeLange,,,38,,0.211,0.993,0.00977,0.891,0.0996,0.13,-25.787,0.0396,175.397,1,,Calm
Night on Earth,,Jerkcurb,,,38,,0.268,0.0656,0.494,2.61E-05,0.123,0.136,-7.219,0.0321,102.065,4,,Sad
No More 54,,Dada Life,,,46,,0.541,0.000492,0.967,0.676,0.103,0.134,-5.682,0.0529,126.026,1,,Energetic
No One Knows,,Queens of the Stone Age,,,36,,0.509,0.0329,0.583,0.000124,0.359,0.67,-4.902,0.0615,170.886,0,,Energetic
No Time To Die,,Billie Eilish,,,82,,0.38,0.917,0.219,0.0104,0.0827,0.0517,-13.273,0.0358,73.537,4,,Sad
No Woman,,Whitney,,,66,,0.581,0.893,0.4,0.576,0.161,0.433,-8.739,0.0291,112.331,2,,Sad
Nobody,,Mac DeMarco,,,50,,0.877,0.776,0.178,0.0193,0.107,0.442,-13.987,0.102,74.997,3,,Sad
North,,Ton Snijders,,,26,,0.522,0.994,0.0155,0.927,0.0949,0.119,-28.022,0.0441,91.764,10,,Calm
North Captiva,,Lundegard,,,48,,0.479,0.918,0.346,0.929,0.111,0.23,-17.916,0.0306,143.965,9,,Calm
Not Alone,,Otto Knows,,,44,,0.68,0.00538,0.721,0.000216,0.0679,0.267,-6.21,0.0355,122,7,,Happy
Nowhere Kids,,Smile Empty Soul,,,36,,0.511,0.000106,0.914,0.00097,0.195,0.393,-5.31,0.0457,99.011,8,,Energetic
Oceans,,Seafret,,,61,,0.404,0.274,0.48,8.63E-06,0.132,0.2,-8.906,0.0303,129.162,9,,Sad
October Rain,,Various Artists,,,36,,0.187,0.992,0.014,0.923,0.0925,0.144,-29.31,0.0418,69.012,9,,Calm
Old Rain on a New Day,,Cora Zea,,,54,,0.286,0.971,0.14,0.892,0.134,0.154,-16.496,0.0346,119.191,7,,Calm
Older Than I Am,,Lennon Stella,,,66,,0.44,0.891,0.306,0,0.103,0.201,-8.947,0.0363,117.288,9,,Sad
On Another Ocean (January / June),,Fleet Foxes,,,0,,0.284,0.155,0.523,0.0934,0.0933,0.0697,-6.512,0.0285,100.597,7,,Sad
On My Way (feat. Jordan Kaahn),,Robbie Rivera,,,48,,0.661,0.0188,0.93,0.00146,0.0919,0.367,-4.208,0.0617,122.052,7,,Happy
One More Night,,Labi Ramaj,,,41,,0.62,0.00402,0.897,8.56E-05,0.108,0.183,-3.595,0.086,126.013,11,,Energetic
One Night - D.O.D Remix,,Cedric Gervais,,,41,,0.681,0.00732,0.969,0.199,0.219,0.26,-1.394,0.0702,126.024,1,,Energetic
One Step Closer,,Linkin Park,,,54,,0.492,0.0014,0.969,1.32E-06,0.0787,0.538,-4.419,0.0491,95.136,9,,Energetic
Only,,RY X,,,0,,0.373,0.906,0.178,0.558,0.109,0.0933,-15.52,0.0303,108.605,7,,Sad
Only You,,Joshua Radin,,,55,,0.545,0.362,0.255,1.77E-05,0.0841,0.831,-14.844,0.0311,98.088,8,,Sad
Open Fields,,Faelt,,,39,,0.491,0.97,0.197,0.916,0.214,0.216,-19.261,0.0298,132.106,4,,Calm
Open Skies,,Lost Horse Mine,,,52,,0.56,0.00104,0.559,0.812,0.123,0.0869,-7.807,0.0274,133.044,0,,Calm
Orbits,,Halfway Escape,,,33,,0.438,0.855,0.404,0.881,0.11,0.4,-13.924,0.039,116.142,6,,Calm
Our Lady of Sorrows,,My Chemical Romance,,,50,,0.271,0.00099,0.931,0,0.182,0.382,-6.81,0.0785,142.407,1,,Energetic
Out Of Control,,Hoobastank,,,0,,0.443,0.00161,0.973,0,0.353,0.458,-4.386,0.133,157.872,4,,Energetic
Out Of Control - Pat Vocal Mix,,Lupe Fuentes,,,43,,0.864,0.00875,0.742,0.394,0.41,0.689,-6.117,0.043,124.009,1,,Energetic
Out of Control,,Lush,,,0,,0.328,0.0041,0.799,6.29E-06,0.069,0.502,-5.992,0.0296,169.896,2,,Sad
Out of the Deep,,Olivia Belli,,,45,,0.2,0.992,0.0212,0.903,0.0929,0.0631,-32.285,0.0499,74.852,0,,Calm
Outside,,MorMor,,,51,,0.637,0.0925,0.613,0.425,0.156,0.598,-7.432,0.0272,127.006,1,,Sad
Over My Head (Better Off Dead),,Sum 41,,,49,,0.44,0.00222,0.919,0.00503,0.0892,0.773,-4.462,0.0735,184.324,7,,Energetic
Pain,,The War On Drugs,,,60,,0.523,0.00387,0.833,0.000339,0.0841,0.482,-4.374,0.0405,115.975,7,,Sad
Panoramic Feelings (Piano Version),,LudoWic,,,33,,0.25,0.991,0.00846,0.896,0.0853,0.0638,-24.348,0.0373,78.552,8,,Calm
Papercut,,Linkin Park,,,73,,0.524,0.00022,0.939,0,0.623,0.661,-3.994,0.113,150.184,9,,Energetic
Paperthin Hymn,,Anberlin,,,53,,0.298,0.00111,0.597,0,0.0819,0.536,-12.107,0.0343,180.434,5,,Energetic
Parabel,,Matteo Myderwyk,,,22,,0.354,0.976,0.0214,0.903,0.0957,0.148,-32.492,0.0388,112.008,6,,Calm
Paradise,,Coldplay,,,80,,0.449,0.0522,0.585,8.49E-05,0.0833,0.203,-6.762,0.0268,139.627,5,,Happy
Paralyzer,,Finger Eleven,,,0,,0.646,0.159,0.938,0,0.235,0.888,-3.453,0.0448,106.029,11,,Energetic
Pass The Hours,,MorMor,,,54,,0.778,0.179,0.639,0.000934,0.322,0.543,-5.985,0.0292,119.977,6,,Sad
Path to Serenity,,Arya Shae,,,54,,0.134,0.961,0.0601,0.869,0.109,0.0388,-19.866,0.0352,73.855,7,,Calm
People Are Strange - Festival Mix,,KAAZE,,,51,,0.636,0.00222,0.912,0.0269,0.598,0.0765,-5.671,0.091,127.963,11,,Energetic
People Help the People,,Birdy,,,58,,0.407,0.778,0.308,1.46E-05,0.092,0.153,-9.001,0.0296,73.254,10,,Sad
Petrichor,,Cecelya,,,54,,0.319,0.937,0.122,0.905,0.167,0.214,-16.69,0.0373,70.263,4,,Calm
"Piano Sonata No. 14 In C Sharp Minor, Op. 27-2 1st Mvt: Adagio Sostenuto",,Ludwig van Beethoven,,,30,,0.274,0.995,0.00332,0.909,0.175,0.17,-41.45,0.0424,67.765,1,,Calm
Pierre,,Hicham Chahidi,,,35,,0.356,0.989,0.0499,0.943,0.135,0.153,-24.949,0.0407,67.11,11,,Calm
Pink Rupture,,Kornum & Karma,,,51,,0.736,0.00178,0.356,0.704,0.0925,0.525,-8.676,0.0405,118.002,4,,Happy
Placidity,,Estado De Calma,,,50,,0.261,0.474,0.25,0.893,0.0882,0.0827,-18.526,0.0339,153.045,7,,Calm
Planet,,Sofiane Pamart,,,0,,0.549,0.988,0.0604,0.869,0.111,0.113,-23.059,0.0332,113.98,6,,Calm
Play The Ghost,,Sarah Davachi,,,31,,0.118,0.911,0.0567,0.879,0.106,0.0391,-19.274,0.0427,83.721,11,,Sad
Poem,,Taproot,,,57,,0.364,0.000104,0.912,0.0025,0.086,0.666,-2.968,0.107,105.368,7,,Energetic
Points of Authority,,Linkin Park,,,45,,0.512,0.03,0.97,0,0.0994,0.427,-3.886,0.212,94.952,8,,Energetic
Polyamorous,,Breaking Benjamin,,,37,,0.544,0.000132,0.895,0.107,0.147,0.875,-6.207,0.0522,98.128,1,,Energetic
Pour Les Oiseaux,,Sylvain Chauveau,,,0,,0.376,0.965,0.0879,0.944,0.099,0.308,-19.815,0.0423,70.433,0,,Calm
Prayer Of The Refugee,,Rise Against,,,0,,0.198,0.00131,0.977,4.62E-05,0.23,0.351,-3.499,0.173,195.795,3,,Energetic
Prelude,,Marynka,,,30,,0.306,0.996,0.0846,0.901,0.0909,0.118,-27.607,0.0535,164.732,1,,Calm
Prelude 6 - Pt. 1,,Max Richter,,,55,,0.134,0.992,0.0407,0.794,0.117,0.043,-31.537,0.0426,217.95,10,,Calm
Prelude in F,,Alexander Motovilov,,,19,,0.461,0.968,0.272,0.946,0.113,0.533,-24.315,0.0363,122.731,8,,Calm
Presence,,Van Stiles,,,49,,0.616,0.966,0.292,0.927,0.0955,0.0633,-16.837,0.0423,127.008,2,,Calm
Pressure,,Seth Hills,,,49,,0.708,0.00885,0.863,0.366,0.285,0.437,-4.001,0.0606,127.981,9,,Energetic
Promise,,Eve 6,,,48,,0.62,0.00791,0.85,0,0.0769,0.715,-4.096,0.0327,107.982,9,,Energetic
Pumped Up Kicks,,Foster The People,,,84,,0.733,0.145,0.71,0.115,0.0956,0.965,-5.849,0.0292,127.975,5,,Happy
Quick Canal (W/ Laetita Sadier),,Atlas Sound,,,42,,0.299,0.169,0.541,0.795,0.132,0.191,-10.641,0.0513,142.724,7,,Sad
Quiet Room,,Various Artists,,,0,,0.374,0.995,0.068,0.934,0.119,0.241,-21.842,0.0517,66.01,11,,Calm
"Quiet, The Winter Harbor",,Mazzy Star,,,37,,0.321,0.973,0.0792,0.104,0.0888,0.106,-17.737,0.0329,145.293,5,,Sad
Raven's Feather - Piano Solo,,Nina June,,,34,,0.594,0.988,0.0624,0.928,0.109,0.0738,-19.409,0.0472,123.999,10,,Calm
Rayons de soleil,,Marlies du Mosch,,,18,,0.315,0.987,0.102,0.954,0.104,0.169,-22.435,0.0423,63.679,11,,Calm
Reality,,Chocolate Puma,,,42,,0.651,0.000934,0.836,0.932,0.112,0.0741,-6.154,0.0588,127.986,6,,Happy
Rebuscano,,Olivia Belli,,,37,,0.416,0.99,0.0322,0.929,0.101,0.0614,-29.145,0.0451,120.321,2,,Calm
Recording 15,,Shannon Lay,,,60,,0.552,0.956,0.126,0.0153,0.109,0.439,-18.014,0.0306,92.441,11,,Sad
Reinventing Your Exit,,Underoath,,,57,,0.45,0.000124,0.978,7.14E-06,0.361,0.268,-4.198,0.0637,155.014,9,,Energetic
Remains,,Dries Beheydt,,,32,,0.157,0.991,0.0755,0.897,0.184,0.119,-23.545,0.051,71.23,7,,Calm
Renee's Song,,Bazzi,,,73,,0.593,0.794,0.229,0,0.167,0.42,-8.888,0.0307,117.823,9,,Sad
Renegades Of Funk,,Rage Against The Machine,,,66,,0.651,0.00184,0.908,0.000579,0.384,0.769,-4.019,0.0577,123.851,2,,Energetic
Rescue Me,,DubVision,,,57,,0.494,0.069,0.739,0.000368,0.0664,0.235,-4.61,0.0427,128.007,6,,Energetic
Retrospectacular,,Domaine Blanc,,,50,,0.368,0.81,0.293,0.864,0.11,0.197,-16.379,0.0346,119.977,9,,Calm
Revitalize,,Yonder Dale,,,34,,0.597,0.95,0.327,0.96,0.0966,0.0399,-15.743,0.0342,109.99,9,,Calm
Ring The Alarm - Stadiumx Remix,,Nicky Romero,,,45,,0.625,0.00032,0.994,0.0461,0.767,0.35,-1.689,0.0501,125.032,1,,Energetic
Rise (ft. Matluck) - Thomas Gold Remix,,Nicky Romero,,,0,,0.501,0.0071,0.784,0.000257,0.155,0.216,-4.292,0.0417,128.052,7,,Energetic
River,,St Woods,,,42,,0.304,0.73,0.317,0.00519,0.118,0.0596,-10.52,0.0285,147.83,11,,Sad
Riverside,,Agnes Obel,,,3,,0.648,0.985,0.177,0.000353,0.134,0.236,-13.474,0.0311,99.101,9,,Sad
"Rocket Man (I Think It's Going To Be A Long, Long Time)",,Elton John,,,82,,0.601,0.432,0.532,6.25E-06,0.0925,0.341,-9.119,0.0286,136.571,10,,Happy
Romance,,Ex:Re,,,0,,0.716,0.884,0.644,0.617,0.138,0.464,-12.444,0.0718,121.053,9,,Sad
Roses,,OutKast,,,72,,0.751,0.0481,0.708,1.83E-05,0.107,0.509,-5.645,0.0545,108.97,0,,Happy
Rusted From the Rain,,Billy Talent,,,47,,0.431,0.000481,0.858,7.65E-06,0.385,0.616,-3.533,0.0306,174.979,7,,Energetic
Rylan,,The National,,,56,,0.609,0.403,0.789,0.0811,0.0446,0.717,-5.565,0.0468,144.047,11,,Sad
Sad Corny Fuck,,JP Saxe,,,55,,0.604,0.835,0.179,0,0.162,0.391,-15.383,0.0339,124.982,2,,Sad
Sadness,,Marynka,,,33,,0.35,0.991,0.0706,0.931,0.1,0.0877,-24.271,0.0441,102.507,5,,Calm
Sahara Love - Seven Lions Remix,,Above & Beyond,,,52,,0.275,0.0418,0.659,4.15E-05,0.079,0.149,-5.631,0.039,144.908,6,,Energetic
Same Direction,,Hoobastank,,,0,,0.401,0.00492,0.988,0,0.4,0.514,-3.308,0.0916,169.024,2,,Energetic
Samson,,Regina Spektor,,,51,,0.49,0.862,0.193,9.74E-06,0.113,0.184,-9.544,0.0421,89.154,11,,Sad
Saving Daylight,,Harvest Silence,,,52,,0.526,0.456,0.385,0.922,0.0935,0.212,-13.755,0.0296,120.008,0,,Calm
Savior,,Rise Against,,,70,,0.339,0.0015,0.931,0.000142,0.425,0.467,-3.425,0.062,112.548,5,,Energetic
Say Days Ago,,The Used,,,40,,0.362,0.00022,0.979,0,0.459,0.195,-4.262,0.205,89.431,4,,Energetic
Schloss,,Elmau Dunkel,,,51,,0.438,0.968,0.073,0.755,0.0935,0.0668,-21.944,0.0411,79.973,1,,Calm
Secrets,,Erik Frank,,,57,,0.743,0.762,0.748,6.25E-05,0.0939,0.476,-4.822,0.0519,126.086,0,,Energetic
Send It,,Steve Aoki,,,60,,0.646,0.0199,0.979,0.776,0.38,0.091,-5.312,0.101,124.066,4,,Happy
Send Me on My Way,,Various Artists,,,73,,0.5,0.114,0.681,4.01E-05,0.139,0.745,-9.556,0.0672,119.46,0,,Happy
Seven Nation Army,,The White Stripes,,,7,,0.745,0.00666,0.466,0.35,0.272,0.303,-7.62,0.0864,123.889,4,,Happy
She Kind of Looks Like You,,AFTRHOURS,,,41,,0.9,0.632,0.255,3.91E-05,0.0953,0.483,-12.664,0.221,94.978,6,,Sad
She Remembers (Piano Solo),,Pieter Savenberg,,,27,,0.619,0.996,0.0203,0.944,0.0812,0.337,-26.572,0.0369,135.86,6,,Calm
Shifts Of Light,,Avery Young,,,53,,0.455,0.931,0.216,0.921,0.0839,0.179,-20.107,0.0363,171.936,3,,Calm
Shimmer,,Fuel,,,57,,0.263,0.00192,0.784,0,0.15,0.385,-6.514,0.054,114.671,7,,Energetic
Shine,,Manse,,,54,,0.428,0.0259,0.873,2.64E-05,0.668,0.285,-3.499,0.0566,127.95,10,,Happy
Should Have Known Better,,Sufjan Stevens,,,65,,0.571,0.979,0.172,0.275,0.124,0.297,-20.7,0.0318,90.972,7,,Sad
Should I Stay or Should I Go - Remastered,,The Clash,,,68,,0.742,0.0838,0.844,0,0.418,0.85,-6.441,0.111,113.371,2,,Happy
Silhouette,,Julia Holter,,,37,,0.445,0.173,0.469,0.000624,0.0998,0.535,-5.981,0.0291,178.052,8,,Sad
Silver Lining,,Pieter de Graaf,,,46,,0.317,0.986,0.106,0.899,0.111,0.108,-20.574,0.0302,78.66,1,,Calm
Simple Song,,Passenger,,,62,,0.631,0.616,0.402,0.0114,0.0892,0.598,-11.125,0.0286,78,5,,Sad
Sinking Man - The Walking Dead Soundtrack,,Various Artists,,,0,,0.684,0.905,0.0646,1.86E-05,0.0789,0.334,-18.052,0.0522,95.99,10,,Sad
Sintra,,Made Of Gold,,,49,,0.395,0.984,0.147,0.909,0.0724,0.167,-19.174,0.051,164.176,2,,Calm
Siren Song - Radio Edit,,CamelPhat,,,39,,0.71,0.00891,0.705,0.16,0.177,0.34,-7.417,0.0345,119.986,7,,Happy
Skinny Love,,Bon Iver,,,67,,0.592,0.842,0.256,2.38E-06,0.088,0.103,-14.031,0.0449,76.361,4,,Sad
Sleep,,Hope Sandoval and the Warm Inventions,,,25,,0.55,0.843,0.596,0.462,0.15,0.207,-8.962,0.0335,143.182,10,,Sad
Slow It Down,,The Lumineers,,,0,,0.423,0.928,0.0657,1.40E-06,0.0922,0.105,-14.421,0.0386,98.489,1,,Sad
Smile,,Lily Allen,,,75,,0.632,0.00143,0.639,0,0.221,0.733,-5.938,0.0259,95.506,5,,Happy
Smooth Criminal,,Alien Ant Farm,,,0,,0.653,0.00287,0.966,0.0026,0.143,0.874,-4.236,0.0598,126.921,9,,Energetic
Snowfall,,Florejan,,,31,,0.437,0.984,0.0747,0.914,0.109,0.175,-20.209,0.0648,117.078,1,,Calm
Solitude,,Joep Beving,,,57,,0.342,0.995,0.0311,0.92,0.131,0.0634,-26.999,0.0355,97.622,9,,Calm
Some Kind Of Love,,The Killers,,,55,,0.246,0.713,0.482,0.226,0.102,0.0776,-9.949,0.0359,141.863,8,,Sad
Somebody - Josef Bamba Remix Radio Edit,,Oliver Ingrosso,,,42,,0.67,0.00162,0.88,0,0.261,0.312,-6.419,0.044,121.004,4,,Happy
Somebody That I Used To Know,,Gotye,,,77,,0.865,0.548,0.521,0.000115,0.0989,0.748,-6.932,0.0371,129.059,0,,Happy
Someday,,City of the Sun,,,53,,0.572,0.265,0.571,0.917,0.109,0.115,-10.067,0.0331,96.986,8,,Calm
Someone Like You,,Adele,,,79,,0.554,0.893,0.321,0,0.0996,0.288,-8.251,0.028,135.047,9,,Sad
Someone New,,Thomas Gold,,,58,,0.655,0.00297,0.794,1.34E-05,0.1,0.389,-5.29,0.0765,127.957,6,,Happy
Somewhere Only We Know,,Valentin,,,51,,0.472,0.84,0.305,0,0.142,0.584,-11.465,0.0295,165.9,8,,Sad
Son of a Lady,,Hope Sandoval and the Warm Inventions,,,23,,0.272,0.895,0.337,0.713,0.0764,0.0374,-13.724,0.0338,93.64,9,,Sad
"Song to the Siren - Recorded at Strongroom Studios, London",,Wolf Alice,,,42,,0.371,0.963,0.15,0,0.124,0.0785,-11.116,0.0294,68.774,2,,Sad
South Beach,,Vicetone,,,54,,0.501,0.0303,0.887,2.64E-05,0.114,0.336,-3.941,0.0424,123.052,1,,Energetic
Spirit In The Sky,,Norman Greenbaum,,,0,,0.537,0.0939,0.606,0.00559,0.11,0.582,-7.048,0.0347,128.73,2,,Happy
Start Me Up - Remastered,,The Rolling Stones,,,77,,0.631,0.0436,0.932,0.137,0.0918,0.971,-4.142,0.0354,122.429,5,,Happy
Stay,,Gracie Abrams,,,67,,0.618,0.883,0.37,0,0.123,0.433,-10.5,0.0543,114.26,10,,Sad
Stay Here,,Olaars & Will Philips,,,52,,0.432,0.0149,0.839,0,0.362,0.269,-3.901,0.0425,123.987,6,,Energetic
Stay Home,,Golden Sleep,,,34,,0.234,0.992,0.174,0.942,0.148,0.362,-21.752,0.0376,66.301,9,,Calm
Stay Still,,Alberto L. Ferro,,,30,,0.382,0.987,0.0305,0.783,0.0921,0.0835,-26.271,0.0574,72.398,11,,Calm
"Steady, As She Goes",,The Raconteurs,,,1,,0.534,0.00865,0.605,0.00826,0.0781,0.56,-4.366,0.113,123.003,9,,Happy
Still Alive,,Mastrovita,,,42,,0.65,0.3,0.912,0.668,0.306,0.729,-4.278,0.055,126.073,11,,Energetic
Still Waiting to Start,,Nina Nesbitt,,,54,,0.615,0.639,0.332,0,0.15,0.515,-10.161,0.0295,125.894,7,,Sad
Stormy Weather,,Lost Horse Mine,,,50,,0.444,0.00308,0.382,0.816,0.0915,0.197,-9.324,0.0397,123.59,2,,Calm
Story Of A Violin,,Sandro Silva,,,52,,0.548,0.0125,0.864,0.287,0.818,0.161,-6.835,0.0881,128.196,11,,Happy
Strange Dreams,,Ella van der Woude,,,30,,0.308,0.988,0.0229,0.819,0.0935,0.148,-26.941,0.0406,145.717,9,,Calm
Streets,,Kensington,,,0,,0.376,0.000874,0.771,8.98E-06,0.274,0.419,-5.8,0.0422,168.154,6,,Happy
Stricken,,Disturbed,,,0,,0.404,8.51E-05,0.969,0.0114,0.268,0.29,-2.938,0.195,173.878,8,,Energetic
Stuck In The Middle With You,,Various Artists,,,73,,0.795,0.0934,0.564,0.000531,0.0631,0.961,-10.482,0.0392,124.166,7,,Happy
Stupify,,Disturbed,,,61,,0.597,0.00108,0.939,9.77E-05,0.201,0.422,-3.001,0.0446,98,1,,Energetic
Such Great Heights,,Iron & Wine,,,0,,0.61,0.808,0.275,0.913,0.403,0.552,-10.644,0.028,94.088,6,,Sad
Suds & Soda,,dEUS,,,42,,0.149,8.51E-05,0.79,0.000248,0.0903,0.39,-7.93,0.052,170.289,4,,Happy
Suhpratti,,Parazal,,,38,,0.564,0.974,0.0515,0.765,0.114,0.214,-15.118,0.0338,93.961,11,,Calm
Summer Boredom,,Ella van der Woude,,,29,,0.496,0.994,0.0281,0.951,0.0813,0.157,-24.864,0.0372,72.124,2,,Calm
Summer-Blink,,Cocteau Twins,,,22,,0.491,0.168,0.599,0,0.166,0.189,-6.741,0.0274,80.048,5,,Sad
Sun In Our Eyes - Don Diablo Remix,,MØ,,,55,,0.699,0.0589,0.861,2.64E-06,0.0794,0.315,-3.09,0.173,125.942,4,,Happy
Sunspots,,Bodywash,,,7,,0.379,0.00565,0.499,0.125,0.077,0.335,-13.923,0.0411,155.993,4,,Sad
Supermarket,,Manuela,,,17,,0.588,0.812,0.352,0.0564,0.126,0.655,-9.624,0.0403,146.718,10,,Sad
Supersonic (feat. Christian Burns),,Swanky Tunes,,,52,,0.34,0.00814,0.923,0.000829,0.385,0.13,-3.864,0.131,127.789,0,,Energetic
Superstition,,Stevie Wonder,,,1,,0.648,0.0182,0.751,0.000401,0.0418,0.863,-8.582,0.0806,100.437,8,,Happy
Surrender,,Natalie Taylor,,,84,,0.39,0.8,0.448,0.182,0.107,0.077,-8.57,0.0276,144.89,5,,Sad
Swerve City,,Deftones,,,55,,0.457,0.0001,0.964,0.00811,0.67,0.372,-2.963,0.0656,111.972,10,,Energetic
Take Everything,,Gareth Emery,,,54,,0.506,0.0234,0.823,0.000916,0.303,0.405,-5.272,0.0424,133.954,6,,Happy
Take on Me,,a-ha,,,84,,0.573,0.018,0.902,0.00125,0.0928,0.876,-7.638,0.054,84.412,6,,Happy
Takeoff,,Silo Silo,,,53,,0.44,0.625,0.32,0.886,0.0823,0.0694,-12.011,0.0323,180.036,4,,Calm
Talking In Your Sleep,,The Romantics,,,61,,0.72,0.0289,0.967,0.000345,0.142,0.977,-4.434,0.0343,129.766,9,,Happy
Target,,Tom Kalani,,,55,,0.55,0.714,0.471,0.952,0.0815,0.261,-16.049,0.0295,159.983,5,,Calm
Teardrop - Remastered 2006,,Massive Attack,,,0,,0.612,0.0204,0.463,0.653,0.183,0.17,-7.653,0.035,76.98,11,,Sad
Teardrops - Single Version,,Various Artists,,,60,,0.879,0.037,0.693,0.119,0.18,0.966,-10.577,0.046,133.231,11,,Happy
Tears Don't Fall,,Bullet For My Valentine,,,61,,0.212,0.000725,0.926,4.83E-06,0.081,0.262,-3.378,0.14,162.103,7,,Energetic
Teenage Dirtbag,,Wheatus,,,68,,0.625,0.346,0.85,0.000233,0.174,0.633,-3.904,0.0495,94.661,4,,Happy
Tegel,,Lambert,,,42,,0.233,0.993,0.0997,0.937,0.105,0.123,-25.616,0.0456,84.309,1,,Calm
Telling Tales,,Song Sung,,,36,,0.425,0.0262,0.555,0.284,0.206,0.247,-11.806,0.0287,108.991,0,,Sad
Thank You for the Venom,,My Chemical Romance,,,61,,0.486,0.00237,0.977,0,0.298,0.413,-3.463,0.0603,103.501,7,,Energetic
The A Team,,Ed Sheeran,,,34,,0.626,0.678,0.286,0,0.134,0.366,-9.933,0.0374,84.954,9,,Sad
The Boys Are Back In Town,,Thin Lizzy,,,0,,0.319,0.242,0.712,0.000414,0.294,0.773,-9.742,0.0535,78.114,8,,Happy
The Calvary Cross,,Still Corners,,,32,,0.661,0.675,0.425,0.13,0.104,0.19,-10.317,0.0312,114.042,9,,Sad
The Choice,,Gustavo Santaolalla,,,59,,0.303,0.909,0.00338,0.89,0.116,0.347,-30.932,0.0493,50.96,4,,Calm
The Dazzler,,Ex:Re,,,0,,0.775,0.343,0.218,0.00596,0.0866,0.361,-11,0.0461,133.036,9,,Sad
The Disappearance of the Unmoved Mover,,So Vea,,,54,,0.627,0.879,0.427,0.878,0.0977,0.132,-11.498,0.0283,112.043,11,,Calm
The Discovery,,Sulfur Springs,,,55,,0.414,0.827,0.127,0.822,0.0919,0.0354,-22.097,0.0383,130.021,0,,Calm
The Dreamer,,Charles Bolt,,,55,,0.235,0.983,0.0363,0.92,0.0823,0.0481,-18.9,0.0335,160.704,0,,Calm
The Five Times I Loved You,,Cora Zea,,,50,,0.41,0.988,0.0845,0.93,0.109,0.0795,-21.814,0.0327,92.033,4,,Calm
The Funeral,,Various Artists,,,0,,0.316,0.0143,0.769,0,0.0928,0.118,-5.285,0.0422,122.458,0,,Sad
The Good in Goodbye (Alternate Version),,Alexander Wren,,,40,,0.709,0.59,0.299,0.00292,0.111,0.423,-9.001,0.0297,112.984,0,,Sad
The Hardest Button To Button,,The White Stripes,,,56,,0.692,0.0097,0.515,0.292,0.103,0.549,-8.488,0.0678,128.469,4,,Energetic
The Hell Song,,Sum 41,,,37,,0.343,0.000135,0.956,0.00165,0.143,0.553,-5.073,0.0739,173.325,8,,Energetic
The Hummingbird,,Barry Adamson,,,0,,0.478,2.27E-05,0.901,0.0801,0.326,0.577,-4.983,0.0334,94.964,9,,Sad
The Hunger,,Bat For Lashes,,,26,,0.436,0.0402,0.753,0.0204,0.148,0.399,-9.76,0.0359,89.968,4,,Sad
The Joker,,Steve Miller Band,,,77,,0.596,0.365,0.448,5.30E-06,0.206,0.796,-9.616,0.0396,83.293,5,,Happy
The King (with Dzeko),,Dimitri Vangelis & Wyman,,,59,,0.655,0.0587,0.726,0.00311,0.145,0.292,-4.614,0.0324,128.001,9,,Energetic
The Message,,Still Corners,,,53,,0.64,0.00278,0.695,0.611,0.337,0.343,-9.919,0.0326,117.999,5,,Sad
The Mind's Eye,,Song Sung,,,26,,0.376,0.000708,0.546,0.777,0.359,0.305,-12.678,0.0362,115.995,7,,Sad
The Night We Met,,Lord Huron,,,17,,0.443,0.969,0.369,0.277,0.638,0.0989,-9.514,0.0441,174.107,9,,Sad
The Night We Met - Rework,,Nico Casal,,,31,,0.506,0.992,0.0434,0.866,0.123,0.0823,-19.948,0.0442,110.723,9,,Calm
The Safety Dance,,Men Without Hats,,,61,,0.524,0.0252,0.881,0,0.101,0.62,-4.479,0.0468,101.677,5,,Happy
The Snail’s Teachings II: The Wonders of,,Steven Vrancken,,,37,,0.334,0.944,0.00961,0.901,0.105,0.0916,-27.24,0.0416,68.153,5,,Calm
The Temporary,,Kate Teague,,,36,,0.549,0.292,0.524,0.0366,0.122,0.229,-8.288,0.0261,94.991,0,,Sad
The Times Are Tired,,Alaskan Tapes,,,26,,0.216,0.792,0.195,0.93,0.102,0.14,-14.026,0.0382,61.555,8,,Calm
The Wall,,Alok,,,59,,0.682,0.00953,0.91,0.0673,0.0732,0.536,-2.314,0.0431,122.943,11,,Energetic
There For You,,Gorgon City,,,68,,0.533,0.00529,0.844,8.91E-05,0.0722,0.712,-5.04,0.0302,123.971,11,,Energetic
Thin White Duchess,,Martin Thulin,,,28,,0.537,0.115,0.655,0.294,0.243,0.283,-8.194,0.0374,119.965,7,,Sad
Thirteen Thirty-Five,,Dillon,,,0,,0.67,0.786,0.293,0,0.215,0.36,-10.56,0.0486,66.974,5,,Sad
This Reminds You - Satie Remix,,Remy Van Kesteren,,,0,,0.258,0.87,0.0589,0.898,0.148,0.0378,-23.782,0.0381,98.874,5,,Calm
Throw Me a Bone,,Goat Girl,,,26,,0.516,0.585,0.487,0.0507,0.168,0.209,-10.55,0.0331,96.204,5,,Sad
Tilted Towers,,Alesso,,,50,,0.702,0.000771,0.842,0.828,0.28,0.175,-5.059,0.0331,124.01,7,,Happy
Time Out,,Amoll,,,32,,0.695,0.988,0.0761,0.929,0.133,0.262,-17.043,0.0399,125.017,9,,Calm
Time Travel,,AMBIE,,,39,,0.502,0.965,0.289,0.913,0.153,0.156,-17.378,0.0307,137.926,8,,Calm
Tiptoeing,,Jacco Wynia,,,37,,0.467,0.986,0.137,0.928,0.101,0.0687,-23.087,0.043,118.715,0,,Calm
To Build A Home,,The Cinematic Orchestra,,,72,,0.264,0.885,0.122,0.349,0.094,0.0735,-15.399,0.0349,148.658,9,,Sad
To The Hilt,,BANKS,,,42,,0.327,0.948,0.101,0,0.0945,0.0866,-13.949,0.0525,171.734,8,,Sad
To the Moon,,Junodream,,,0,,0.703,0.356,0.352,0.00378,0.0715,0.85,-14.859,0.0428,108.003,4,,Sad
Tomorrow,,Annelie,,,39,,0.325,0.964,0.0809,0.839,0.118,0.0604,-24.493,0.0527,178.307,5,,Calm
Toxic,,A Static Lullaby,,,49,,0.555,3.01E-05,0.98,4.38E-05,0.0661,0.37,-6.063,0.154,143.005,8,,Energetic
Transatlanticism,,Death Cab for Cutie,,,0,,0.443,0.393,0.466,0.647,0.165,0.19,-9.209,0.0302,127.493,9,,Sad
Trastevere,,Sebastián Escofet,,,52,,0.42,0.886,0.272,0.834,0.0841,0.38,-14.843,0.0423,180.031,4,,Calm
Trees - Solo Piano,,Patrick Hamilton,,,31,,0.282,0.957,0.0717,0.919,0.0996,0.206,-25.816,0.053,163.128,5,,Calm
Trying My Best,,Anson Seabra,,,68,,0.561,0.95,0.0587,0,0.0828,0.342,-17.819,0.0762,143.027,5,,Sad
Tu Vois,,Bram de Looze,,,0,,0.351,0.995,0.0077,0.919,0.0803,0.0728,-23.17,0.0543,75.742,9,,Calm
Tubthumping,,Chumbawamba,,,0,,0.319,0.118,0.881,0,0.364,0.625,-7.244,0.14,206.941,2,,Happy
Tuesday,,Annelie,,,47,,0.323,0.99,0.0214,0.902,0.0891,0.0703,-30.328,0.0384,104.033,4,,Calm
Twist And Shout - Remastered 2009,,The Beatles,,,74,,0.482,0.641,0.849,7.74E-06,0.0414,0.937,-9.198,0.0452,124.631,2,,Happy
Two Princes,,Spin Doctors,,,72,,0.543,0.00162,0.912,2.10E-06,0.0565,0.836,-10.71,0.0601,103.731,7,,Happy
UFOF,,Big Thief,,,0,,0.623,0.638,0.613,0.572,0.143,0.745,-9.241,0.0309,147.168,10,,Sad
Under A Killing Moon,,Thrice,,,41,,0.414,7.12E-06,0.988,0.44,0.0709,0.489,-3.703,0.0786,184.995,8,,Energetic
Understudy,,Josie Mehlin,,,51,,0.494,0.983,0.263,0.92,0.0746,0.105,-16.818,0.0325,159.875,0,,Calm
Underwater - Tinlicker Remix,,Gabriel & Dresden,,,53,,0.627,0.0607,0.857,0.835,0.132,0.124,-8.253,0.0402,121.976,7,,Happy
Unintended,,Muse,,,61,,0.487,0.647,0.279,0.00185,0.11,0.162,-11.586,0.0265,139.362,6,,Sad
United,,Armin van Buuren,,,33,,0.643,0.0565,0.957,0.841,0.0763,0.281,-5.026,0.0892,138.073,1,,Happy
Universe,,Noah Vanden Abeele,,,25,,0.623,0.994,0.134,0.935,0.192,0.171,-18.953,0.0478,62.562,5,,Calm
Unmade,,Thom Yorke,,,0,,0.186,0.974,0.3,0.924,0.0672,0.0877,-12.141,0.0368,96.563,9,,Sad
Up Against (Blackout),,Taking Back Sunday,,,0,,0.549,0.000785,0.876,0,0.288,0.741,-3.589,0.0404,146.549,6,,Energetic
Uprising,,Muse,,,75,,0.602,0.000202,0.905,0.064,0.117,0.411,-4.046,0.0775,128.019,2,,Energetic
Used to Be,,Jurrivh,,,38,,0.201,0.989,0.0394,0.839,0.0881,0.0754,-21.798,0.0334,73.742,10,,Calm
Vagabond,,Steve Gunn,,,20,,0.545,0.0888,0.788,0.0258,0.0765,0.647,-3.968,0.0281,129.922,11,,Sad
Vague,,Amaranth Cove,,,59,,0.32,0.881,0.253,0.935,0.121,0.125,-17.843,0.0356,140.029,10,,Calm
Valse Lente,,Wilson Trouvé,,,31,,0.366,0.996,0.0518,0.909,0.179,0.39,-26.901,0.0402,182.774,3,,Calm
Vamos,,Dimitri Vangelis & Wyman,,,42,,0.52,0.00209,0.975,0.213,0.148,0.254,-3.66,0.0839,128.017,2,,Energetic
Venom,,Dave202,,,42,,0.357,0.159,0.851,0.866,0.146,0.241,-6.103,0.0534,130.013,2,,Happy
Video Games - Remastered,,Lana Del Rey,,,68,,0.236,0.811,0.249,1.00E-06,0.087,0.181,-9.595,0.0348,72.847,6,,Sad
Video Killed The Radio Star,,The Buggles,,,71,,0.68,0.103,0.678,0.00828,0.204,0.251,-11.548,0.0754,131.165,1,,Happy
Virtual Insanity - Remastered,,Jamiroquai,,,0,,0.651,0.13,0.946,0,0.148,0.508,-4.717,0.101,91.911,6,,Happy
Viva La Vida,,Coldplay,,,56,,0.485,0.0941,0.619,3.31E-06,0.109,0.416,-7.115,0.0289,138.017,5,,Happy
Voices,,Disturbed,,,54,,0.589,0.000116,0.983,0.00211,0.0628,0.469,-2.521,0.121,110.007,10,,Energetic
Wait For Me,,Steve Brian,,,52,,0.465,0.00987,0.739,1.88E-06,0.373,0.0652,-7.786,0.0648,125.994,10,,Happy
Waiting,,Alice Boman,,,0,,0.236,0.975,0.33,0.126,0.116,0.0827,-10.085,0.0325,86.546,8,,Sad
Waiting For Tomorrow (feat. Mike Shinoda),,Martin Garrix,,,56,,0.507,0.00731,0.887,0,0.562,0.336,-4.084,0.141,128.015,5,,Energetic
Waiting On the World to Change,,John Mayer,,,74,,0.577,0.159,0.756,0.000232,0.249,0.663,-5.82,0.115,176.75,2,,Happy
Waiting like the Storm,,Rand Aldo,,,52,,0.162,0.946,0.0564,0.889,0.101,0.0361,-20.696,0.0341,60.01,5,,Calm
War,,Kensington,,,0,,0.641,0.079,0.806,0.00158,0.0708,0.721,-6.281,0.0323,125.987,8,,Happy
Wash It All Away,,Five Finger Death Punch,,,63,,0.485,2.08E-05,0.987,0,0.267,0.272,-3.1,0.0738,123.576,4,,Energetic
Watching Clouds Disappear,,Florejan,,,35,,0.495,0.99,0.0191,0.902,0.113,0.243,-26.317,0.0362,112.814,5,,Calm
Water Colors,,Star Slide,,,50,,0.465,0.633,0.12,0.937,0.085,0.0659,-19.328,0.0386,72.021,7,,Calm
Water Lillies,,A Teardrop In The Lake,,,49,,0.234,0.848,0.226,0.942,0.111,0.0388,-15.991,0.0368,139.921,0,,Calm
Watersong,,Cranes,,,35,,0.656,0.809,0.102,0.788,0.0874,0.595,-20.337,0.0373,118.373,4,,Sad
Wave of Mutilation,,Beacon,,,31,,0.481,0.842,0.229,0.00205,0.105,0.0525,-13.5,0.0342,92.014,6,,Sad
We Are Your Friends - Justice Vs Simian,,Simian,,,62,,0.615,0.0104,0.97,0.384,0.178,0.507,1.342,0.119,122.993,9,,Happy
We Wait,,Other Lives,,,39,,0.387,0.654,0.577,0.127,0.163,0.447,-8.259,0.0353,149.048,1,,Sad
Welcome Home,,Coheed and Cambria,,,64,,0.442,0.00648,0.951,1.12E-06,0.0887,0.158,-5.27,0.11,154.004,11,,Energetic
"Welcome Home, Son",,Radical Face,,,0,,0.601,0.743,0.537,0.732,0.143,0.394,-9.464,0.0296,144.994,6,,Sad
What I Like About You,,The Romantics,,,68,,0.542,0.319,0.915,5.34E-05,0.171,0.92,-9.637,0.0549,159.81,9,,Happy
What Should Have Been,,Ron Verboom,,,30,,0.322,0.994,0.149,0.92,0.122,0.0655,-17.948,0.0515,114.695,2,,Calm
What You Love You Must Love Now,,The Six Parts Seven,,,59,,0.256,0.367,0.456,0.881,0.119,0.0682,-10.865,0.0306,70.357,4,,Calm
What's Good,,Fenne Lily,,,49,,0.542,0.935,0.0957,6.40E-06,0.182,0.259,-14.518,0.0404,134.739,8,,Sad
When The World Stood Still,,Florejan Verschueren,,,35,,0.461,0.989,0.0167,0.848,0.11,0.259,-22.104,0.0509,73.77,9,,Calm
When They Come,,Threading Hair,,,57,,0.501,0.922,0.378,0.825,0.115,0.193,-14.959,0.0269,108.034,6,,Calm
When You Left,,Rouge Haven,,,52,,0.56,0.984,0.0853,0.918,0.108,0.113,-15.918,0.0324,96.646,5,,Calm
Where Your Mind Wants to Go - RONE Remix,,Blonde Redhead,,,14,,0.651,0.333,0.848,0.763,0.101,0.154,-8.941,0.0458,119.977,10,,Sad
While the Rest of the World Sleeps,,Josh Kramer,,,35,,0.423,0.988,0.0442,0.947,0.108,0.182,-21.088,0.0378,73.407,11,,Calm
Whiskey In The Jar,,Metallica,,,0,,0.511,5.36E-06,0.972,0.00101,0.19,0.532,-3.751,0.0413,132.97,10,,Energetic
White Lies,,Stacy Crowne,,,18,,0.336,0.00797,0.88,0,0.445,0.485,-5.675,0.0739,155.004,6,,Energetic
White Lies - Guy Arthur Remix,,The Him,,,44,,0.656,0.00428,0.896,0.000137,0.192,0.506,-4.461,0.0936,128.026,9,,Energetic
White Sparks,,Wilson Trouvé,,,30,,0.574,0.989,0.0835,0.935,0.117,0.265,-22.763,0.0413,106.027,10,,Calm
Whitehaven,,Martèn LeGrand,,,28,,0.498,0.983,0.18,0.928,0.0924,0.038,-19.819,0.0426,77.407,4,,Calm
Why Can't We Be Friends?,,War,,,58,,0.776,0.19,0.714,0,0.506,0.962,-9.044,0.0388,92.448,10,,Happy
Wild Trails,,Epi-Soothe,,,52,,0.213,0.742,0.233,0.881,0.149,0.0378,-14.347,0.0289,94.94,4,,Calm
Wild Wild Son - Club Mix,,Armin van Buuren,,,35,,0.526,0.00138,0.867,0.00064,0.0975,0.12,-4.332,0.0659,132.106,5,,Energetic
Willet,,Dust Follows,,,48,,0.425,0.967,0.168,0.818,0.16,0.0376,-14.064,0.0322,90.076,0,,Calm
Winter Scenery,,Wilson Trouvé,,,29,,0.79,0.993,0.179,0.965,0.102,0.562,-25.43,0.0853,80.993,11,,Calm
Wish I Was Better,,Kina,,,70,,0.732,0.747,0.304,6.13E-05,0.143,0.185,-13.086,0.111,139.965,0,,Sad
Wish You Were Here - 2011 Remastered Version,,Pink Floyd,,,0,,0.481,0.735,0.262,0.0114,0.832,0.375,-15.73,0.0414,122.883,7,,Sad
Wished,,Sorry,,,28,,0.445,0.332,0.536,0.0645,0.0576,0.486,-7.65,0.0261,172.15,7,,Sad
Without,,The Exies,,,19,,0.523,0.000357,0.95,0,0.0944,0.479,-4.415,0.0467,99.231,6,,Energetic
Wolkendans,,Doeke,,,32,,0.38,0.996,0.0355,0.91,0.115,0.22,-27.118,0.0465,179.205,0,,Calm
Wonderful Together (feat. Envy Monroe),,Blasterjaxx,,,53,,0.591,0.0484,0.759,1.23E-06,0.108,0.235,-3.785,0.0404,130.043,5,,Happy
Wonderwall,,Oasis,,,15,,0.412,0.00214,0.844,0,0.134,0.459,-5.613,0.037,174.452,2,,Happy
Woodland Heart,,Ghost Of Summer,,,53,,0.516,0.84,0.177,0.817,0.135,0.132,-20.473,0.0312,94.994,3,,Calm
Words I Heard,,Julia Holter,,,18,,0.124,0.228,0.347,0.00325,0.147,0.16,-11.392,0.0335,76.868,1,,Sad
Worlds Collide - Edison Cole Remix,,NERVO,,,55,,0.631,0.0149,0.862,6.23E-05,0.103,0.438,-4.114,0.0515,145.01,8,,Happy
Would You Rather,,Phoebe Bridgers,,,49,,0.482,0.936,0.363,0.000109,0.104,0.261,-10.926,0.0309,135.779,10,,Sad
Wrong Way,,Sublime,,,1,,0.663,0.0655,0.671,0,0.107,0.955,-6.103,0.0395,74.453,9,,Energetic
Yam Yam,,No Vacation,,,0,,0.445,0.319,0.591,0.766,0.107,0.0774,-9.004,0.0316,137.864,7,,Sad
You Are Safe With Me,,Jef Martens,,,35,,0.392,0.99,0.039,0.949,0.1,0.389,-27.643,0.0312,99.731,9,,Calm
You Can't Rely on My Love,,Mordkey,,,52,,0.686,0.0534,0.775,9.39E-06,0.44,0.454,-7.247,0.185,126.013,11,,Happy
You Get What You Give,,New Radicals,,,1,,0.621,0.17,0.901,0,0.0875,0.744,-5.396,0.0302,113.967,2,,Happy
You Were Bored,,Loyal Lobos,,,36,,0.291,0.781,0.419,0.00433,0.113,0.0613,-10.33,0.0305,114.935,6,,Sad
"You're Gonna Go Far, Kid",,Various Artists,,,0,,0.547,0.00485,0.877,0,0.247,0.611,-5.135,0.0658,126.083,9,,Energetic
You're My Best Friend - Remastered 2011,,Queen,,,57,,0.518,0.158,0.761,0.00765,0.0715,0.576,-7.025,0.0452,118.738,0,,Happy
Your Turn Now,,Aaron Smith,,,49,,0.634,0.819,0.193,0,0.113,0.159,-9.503,0.0277,95.004,7,,Sad
Youth,,Daughter,,,0,,0.588,0.61,0.477,0.00188,0.122,0.488,-12.71,0.0492,150.396,9,,Sad
alpha waves,,Eucalyptic,,,59,,0.561,0.795,0.314,0.876,0.115,0.0883,-16.989,0.0281,95.931,4,,Calm
blue,,Kamal.,,,58,,0.725,0.668,0.258,2.63E-05,0.0955,0.173,-14.065,0.255,127.876,11,,Sad
coeur noir,,Leo Nocta,,,34,,0.235,0.926,0.233,0.89,0.069,0.164,-21.173,0.0712,66.866,11,,Calm
comethru,,Jeremy Zucker,,,78,,0.795,0.607,0.178,0,0.623,0.608,-11.991,0.0574,93.982,0,,Sad
cry on airplanes,,Julian,,,40,,0.763,0.548,0.372,0.000638,0.116,0.76,-7.07,0.0683,85.01,5,,Sad
i don't want to watch the world end with someone else,,Clinton Kane,,,68,,0.535,0.771,0.359,0,0.111,0.488,-9.343,0.0607,154.163,2,,Sad
lovely (with Khalid),,Billie Eilish,,,88,,0.351,0.934,0.296,0,0.095,0.12,-10.109,0.0333,115.284,4,,Sad
mellow,,cloudcrush,,,48,,0.609,0.985,0.157,0.792,0.112,0.0698,-15.792,0.0322,111.966,0,,Calm
no song without you,,HONNE,,,75,,0.778,0.463,0.462,0.583,0.11,0.817,-12.729,0.0359,105.45,0,,Sad
pass you by,,Alaina Castillo,,,60,,0.51,0.892,0.355,0,0.133,0.453,-6.883,0.0287,141.796,11,,Sad
the frost,,praam,,,35,,0.259,0.956,0.259,0.942,0.0923,0.0403,-18.89,0.0594,123.693,3,,Calm
the theme song,,Teodor Wolgers,,,36,,0.604,0.986,0.03,0.952,0.105,0.15,-27.007,0.0386,117.781,0,,Calm
when the party's over,,Billie Eilish,,,87,,0.367,0.978,0.111,3.97E-05,0.0897,0.198,-14.084,0.0972,82.642,4,,Sad
windcatcher,,Leo Nocta,,,36,,0.402,0.961,0.236,0.919,0.0921,0.146,-20.615,0.0603,129.736,0,,Calm
yellow is the color of her eyes,,Soccer Mommy,,,5,,0.452,0.757,0.515,0.12,0.14,0.191,-7.351,0.0255,80.537,11,,Sad
you broke me first,,Tate McRae,,,87,,0.642,0.786,0.374,0,0.0906,0.0799,-9.386,0.0545,124.099,4,,Sad
you were good to me,,Jeremy Zucker,,,76,,0.561,0.913,0.0848,2.62E-05,0.112,0.206,-15.099,0.0404,102.128,2,,Sad
æfre,,praam,,,41,,0.377,0.994,0.0156,0.881,0.0991,0.0804,-28.435,0.0397,140.179,0,,Calm
